algorithm	metric	observed	operator	threshold	passed
ucell	identical_values_dimensions_dimnames	1	==	1	TRUE
ucell	maximum_absolute_delta	0	<=	0	TRUE
wnn	RNA_weight_spearman	0.9819445617455923	>=	0.85	TRUE
wnn	ATAC_weight_spearman	0.9819444115247803	>=	0.85	TRUE
wnn	neighbor_overlap_mean	0.9630684218415709	>=	0.75	TRUE
wnn	neighbor_overlap_q25	0.9666666666666667	>=	0.65	TRUE
scdblfinder_atac	shared_cell_fraction	1	>=	1	TRUE
scdblfinder_atac	score_rank_spearman	0.6638859293360447	>=	0.6	TRUE
scdblfinder_atac	doublet_jaccard	0.7954545454545454	>=	0.45	TRUE
scdblfinder_atac_predoublet	shared_cell_fraction	1	>=	1	TRUE
scdblfinder_atac_predoublet	score_rank_spearman	0.7293342289487671	>=	0.6	TRUE
scdblfinder_atac_predoublet	doublet_jaccard	0.7834645669291339	>=	0.45	TRUE
amulet	same_retained_barcodes	1	==	1	TRUE
amulet	identical_metrics	1	==	1	TRUE
amulet	maximum_absolute_delta	0	<=	0	TRUE
scavenge	shared_cell_fraction	1	>=	0.99	TRUE
scavenge	maximum_absolute_score_delta	3.375077994860476e-14	<=	1e-12	TRUE
scavenge	score_rank_spearman	0.9999999999490832	>=	0.999999	TRUE
