scope                	 param_name                                                            	short_name	 data_type 	 cardinality	 default_value                    	allow_missing_after_inheritance	 allowed_values           	 examples                                                                                                            	 topic                        	 part_of               	 description
aggregation	aggregation_cluster_annotation_min_advantage	Cell-type assignment margin	numeric	scalar	0.05	FALSE		0.05	GEX processing	GEX,ATAC,WNN	A cluster receives a label only when its adjusted marker score clears both background and the next-best candidate by this margin. Increase it to leave ambiguous clusters unassigned rather than forcing a label.
aggregation          	 aggregation_GEM_well_IDs                                              	GEM wells to combine	 character 	 vector     	 NULL                             	FALSE                          	                          	 [healthy_PBMC_human, lymphoma_lymph_human]                                                                          	required	 all                   	The selected libraries share normalization, clustering and multimodal integration within one aggregation. These identifiers must match active rows in the GEM-well table, and all selected libraries must use the same Cell Ranger reference.
aggregation          	 aggregation_GEX_marker_genes                                          	Cell-type marker genes	 named_list	 named_list 	 NULL                             	FALSE                          	                          	 {B: [MS4A1, CD79A], T: [TRAC, CD3D], Mono: [LYZ, S100A9]}                                                           	required	 GEX,WNN,seurat_export 	Used to score cells, assign cluster labels and generate marker plots. Choose genes appropriate for the tissue and reference; a trailing minus sign marks a gene expected to be absent from that cell type.
aggregation          	 aggregation_donor_id_metadata_tsv                                     	Donor metadata table	 path      	 scalar     	 NULL                             	FALSE                          	                          	 example_data/immune_human_dataset_donor_id_metadata.tsv                                                             	required	 all                   	Adds donor phenotypes and covariates to cell metadata for plotting, batch correction and downstream comparisons. Each donor assigned to a cell must have exactly one matching donor_id row.
aggregation          	 is_active                                                             	Enable aggregation	 logical   	 scalar     	 true                             	FALSE                          	 TRUE,FALSE               	                                                                                                                     	miscellaneous	 graph                 	Determines whether the pipeline constructs targets for this analysis. Deactivate unused examples or analyses before requesting all targets; this does not delete results already on disk.
aggregation          	 modules                                                               	Optional analysis modules	 character 	 vector     	 NULL                             	TRUE                           	 differential_analyses,genetic_enrichment,peak_gene_correlation 	 [differential_analyses, genetic_enrichment]                                                                         	miscellaneous	 graph                 	Each enabled module needs a matching entry in its own configuration file; leave modules disabled until the main results have been reviewed.
aggregation          	 aggregation_QC_exclude_list_combined_object                           	Post-peak QC exclusions	 character 	 vector     	 NULL                             	TRUE                           	                          	 [nCount_ATAC < 1000, atac_peak_counts_blacklist_frac > 0.01]                                                        	Multimodal processing	 all                   	Applied to nuclei after peak-based measurements become available. Each expression describes cells to remove, not retain; exclusions affect the subsequent ATAC embedding and multimodal analysis. Pipeline helpers parse each expression and evaluate it with dplyr::filter().
aggregation          	 aggregation_ATAC_marker_TFs                                           	Cell-type marker transcription factors	 named_list	 named_list 	 NULL                             	TRUE                           	                          	 {B: [PAX5, EBF1], T: [BCL11B, TCF7], Mono: [SPI1, IRF8]}                                                            	ATAC processing	 ATAC,WNN,seurat_export	Used to organize motif-accessibility summaries by expected cell type. Use it to inspect regulatory programs alongside gene-expression annotations; motif accessibility is not a direct measurement of transcription-factor expression.
aggregation          	 aggregation_harmony_correction_metadata_col_names                     	Batch-correction variables	 character 	 vector     	 NULL                             	TRUE                           	                          	 [GEM_well_ID, donor_id]                                                                                        	Multimodal processing	 GEX,ATAC,WNN          	Harmony reduces the effects associated with these metadata columns before the embeddings are used for clustering. Use measured batch variables supported by the QC plots, since correcting a variable can also remove biological differences associated with it. Leaving this unset skips the shared Harmony correction. Passed through the Harmony helper to harmony::RunHarmony(vars_use = ...); multiple columns are combined into one interaction-batch variable first.
aggregation          	 aggregation_GEX_data_PCs                                              	GEX principal components	 integer   	 vector     	 !expr 1:30                       	FALSE                          	                          	                                                                                                                     	 GEX processing               	 GEX,WNN               	Used for batch correction and GEX neighbor-graph construction. Choose components supported by the PCA QC plots; including more can retain finer structure but also technical variation. GEX UMAP component selection is configured separately. The final requested component sets BPCells::svds(k = ...) in the native backend; selected embedding columns are then supplied to harmony::RunHarmony(data_mat = ...) and BPCells::knn_hnsw().
aggregation          	 aggregation_GEX_PCA_backend                                           	GEX normalization and PCA method	 character 	 scalar     	 BPCells_native                   	FALSE                          	 Seurat_SCT,BPCells_native	                                                                                                                     	 GEX processing               	 GEX                   	The alternatives differ in memory use and computation, so review the GEX QC results after switching rather than assuming identical embeddings. Selects Seurat::SCTransform() followed by the local dense PCA helper, or BPCells::sctransform_pearson() followed by BPCells::svds().
aggregation          	 aggregation_SCT_regress_vars                                          	GEX regression variables	 character 	 vector     	 [CC.Difference]                  	TRUE                           	                          	                                                                                                                     	 GEX processing               	 GEX                   	Variation associated with these metadata columns is removed during GEX preprocessing. Use it for effects you deliberately want to suppress, such as cell-cycle differences; it can also remove biology correlated with those variables. Leaving it unset disables this regression. Passed through the preprocessing helper to Seurat::SCTransform(vars.to.regress = ...), or used to select the covariate matrix supplied as BPCells::regress_out(latent_data = ...).
aggregation          	 aggregation_scDblFinder_GEX_remove_called_doublets                    	Remove GEX doublets	 logical   	 scalar     	 TRUE                             	FALSE                          	 TRUE,FALSE               	                                                                                                                     	 GEX processing               	 GEX                   	Acts on individual scDblFinder calls before the accepted GEX results pass to downstream steps, including peak calling. Disable removal when you want to inspect the calls before deciding on a filtering policy.
aggregation          	 aggregation_scDblFinder_GEX_max_doublet_fraction_per_cluster          	GEX cluster doublet limit	 numeric   	 scalar     	 0.5                              	TRUE                           	                          	                                                                                                                     	 GEX processing               	 GEX                   	Drops entire GEX clusters dominated by doublet calls, including cells not individually called as doublets. This is separate from individual-cell removal and can remove a whole putative population; review the cluster evidence before tightening it. Leaving it unset disables this cluster filter.
aggregation          	 aggregation_scDblFinder_GEX_cell_type_collapse_list                   	Cell-type groups for GEX doublet detection	 named_list	 named_list 	 NULL                             	TRUE                           	                          	 {Lymphoid: [B, T, NK], Myeloid: [Mono, pDC]}                                                                        	 GEX processing               	 GEX                   	Lets scDblFinder treat related annotations as one broader population. This changes the grouping used by the detector without replacing the original cell-type labels in the analysis. The helper converts this mapping to per-cell group labels passed to scDblFinder::scDblFinder(clusters = ...).
aggregation          	 aggregation_roadmap_EDACC_names                                       	Roadmap reference tissues	 character 	 vector     	 NULL                             	TRUE                           	                          	 [Peripheral_Blood_Mononuclear_Primary_Cells, Monocytes-CD14+_RO01746]                                               	ATAC processing	 ATAC                  	Their chromatin-state annotations are attached to the accessible peaks. Choose tissues relevant to the sample to put accessible regions in regulatory context; leaving this unset skips the annotation.
aggregation          	 aggregation_ATAC_data_PCs                                             	ATAC LSI components	 integer   	 vector     	 !expr 2:30                       	FALSE                          	                          	                                                                                                                     	 ATAC processing              	 ATAC,WNN              	Used for ATAC batch correction and neighbor-graph construction. Inspect component associations with technical metrics when deciding which to retain; ATAC UMAP component selection is configured separately. The final requested component sets BPCells::svds(k = ...); selected embedding columns are then supplied to harmony::RunHarmony(data_mat = ...) and BPCells::knn_hnsw().
aggregation          	 aggregation_ATAC_peak_matrix_mode                                     	Peak counting method	 character 	 scalar     	 insertions                       	FALSE                          	 insertions,overlaps      	                                                                                                                     	 ATAC processing              	 ATAC                  	Determines whether a fragment contributes through its insertion sites or its overlap with a peak. The choice changes the accessibility matrix used for downstream QC and analysis, so comparisons between runs should use a consistent counting definition. Passed directly to BPCells::peak_matrix(mode = ...) for the consensus matrix and through a helper for blacklist-region counts.
aggregation          	 aggregation_ATAC_peak_calling_method                                  	Peak caller	 character 	 scalar     	 macs3                            	FALSE                          	 macs3,bpcells_tile       	                                                                                                                     	 ATAC processing              	 ATAC                  	Runs within the configured cell groups before their regions are combined into a consensus peak set. Changing the caller can alter peak boundaries and coverage, affecting the peak matrix and downstream ATAC analyses. Selects an external macs3 callpeak command or BPCells::call_peaks_tile() through the peak-calling helpers.
aggregation          	 aggregation_call_peaks_by_cluster_col                                 	Peak-calling groups	 character 	 scalar     	 PCA_harmony_SNN_cluster          	FALSE                          	                          	 PCA_harmony_SNN_cluster; PCA_harmony_SNN_cluster_cell_type                                                          	 ATAC processing              	 ATAC                  	The selected metadata column also organizes differential-accessibility comparisons. Broader groups pool more coverage, while finer groups can reveal population-specific regions but may have less support.
aggregation          	 aggregation_extra_harmony_covars_ATAC                                 	Additional ATAC batch variables	 character 	 vector     	 NULL                             	TRUE                           	                          	 [GEM_well_ID, donor_id]                                                                                        	 ATAC processing              	 ATAC                  	Appended to the shared Harmony variables when correcting ATAC embeddings. Use it when ATAC QC reveals technical structure that needs correction beyond the variables already chosen for both modalities. The combined variables reach harmony::RunHarmony(vars_use = ...) through the helper, which combines multiple columns into an interaction batch.
aggregation          	 aggregation_scDblFinder_ATAC_remove_called_doublets                   	Remove ATAC doublets	 logical   	 scalar     	 TRUE                             	FALSE                          	 TRUE,FALSE               	                                                                                                                     	 ATAC processing              	 ATAC                  	Acts on individual scDblFinder calls before the accepted ATAC results pass to multimodal integration. Disable removal to inspect the calls before committing to an ATAC filtering policy.
aggregation          	 aggregation_scDblFinder_ATAC_max_doublet_fraction_per_cluster         	ATAC cluster doublet limit	 numeric   	 scalar     	 0.5                              	TRUE                           	                          	                                                                                                                     	 ATAC processing              	 ATAC                  	Drops entire ATAC clusters with excessive doublet calls, including their individually unflagged cells. This acts separately from individual-cell removal; review whether a flagged cluster is a doublet population or a plausible cell type. Leaving it unset disables this cluster filter.
aggregation          	 aggregation_GEX_cluster_res                                           	GEX clustering resolution	 numeric   	 scalar     	 0.3                              	FALSE                          	                          	                                                                                                                     	GEX processing	 GEX                   	Higher values generally produce finer groups; review marker consistency and population size when choosing a resolution for annotation and peak calling. Passed through clustering helpers to igraph::cluster_leiden(resolution = ...).
aggregation          	 aggregation_ATAC_cluster_res                                          	ATAC clustering resolution	 numeric   	 scalar     	 0.3                              	FALSE                          	                          	                                                                                                                     	ATAC processing	 ATAC                  	Higher values generally split populations more finely; review motif patterns and agreement with expression-derived labels when choosing a resolution. Passed through clustering helpers to igraph::cluster_leiden(resolution = ...).
aggregation          	 aggregation_WNN_cluster_res                                           	WNN clustering resolution	 numeric   	 scalar     	 0.3                              	FALSE                          	                          	                                                                                                                     	Multimodal processing	 WNN                   	Higher values generally produce finer multimodal groups, which become the populations used in many downstream summaries and comparisons. Passed through WNN clustering helpers to igraph::cluster_leiden(resolution = ...).
aggregation          	 aggregation_cluster_min_barcodes                                      	Minimum cluster size	 integer   	 scalar     	 100                              	FALSE                          	                          	                                                                                                                     	Multimodal processing	 GEX,ATAC,WNN          	Cells in clusters below this threshold are excluded from downstream metadata and subsequent processing. Raising it can remove rare biological populations as well as unstable groups.
aggregation          	 aggregation_data_nNNs                                                 	Clustering neighbor count	 integer   	 scalar     	 30                               	FALSE                          	                          	                                                                                                                     	Multimodal processing	 GEX,ATAC,WNN          	Smaller neighborhoods emphasize local structure, while larger ones connect cells across broader regions of the embedding; this is separate from the UMAP neighborhood setting. Passed through neighbor-graph helpers to BPCells::knn_hnsw(k = ...) and to the local weighted-neighbor construction for WNN.
aggregation          	 aggregation_categorical_vars                                          	Categorical plot variables	 character 	 vector     	 NULL                             	TRUE                           	                          	 [condition, GEM_well_tissue, GEM_well_cell_sorting, GEM_well_instrument]                                                                       	 plotting/UMAP                	 GEX,ATAC,WNN          	Shown on UMAPs and composition plots. Use these views to compare batches, donor groups or study conditions across the inferred populations; the columns must already exist in cell metadata.
aggregation          	 aggregation_continuous_vars                                           	Continuous plot variables	 character 	 vector     	 NULL                             	TRUE                           	                          	 [age, BMI, HbA1c]                                                                                                   	 plotting/UMAP                	 GEX,ATAC,WNN          	Shown as numerical annotations on UMAPs. These views help locate phenotype or technical gradients within the embedding without using those variables to define the clusters.
aggregation          	 aggregation_UMAP_nNNs                                                 	UMAP neighbor count	 integer   	 scalar     	 30                               	FALSE                          	                          	                                                                                                                     	 plotting/UMAP                	 GEX,ATAC,WNN          	Smaller values emphasize local separation and larger values broader organization; changing this setting changes the layout, not the separately computed clustering graph. Passed through embedding helpers to uwot::umap(n_neighbors = ...), capped by the available cells or retained WNN neighbors.
aggregation          	 aggregation_UMAP_min_dist                                             	UMAP minimum distance	 numeric   	 scalar     	 0.001                            	FALSE                          	                          	                                                                                                                     	 plotting/UMAP                	 GEX,ATAC,WNN          	Smaller values allow nearby cells to pack more tightly in the layout; apparent separation is not independent evidence for distinct cell types. Passed through embedding helpers to uwot::umap(min_dist = ...).
aggregation          	 aggregation_UMAP_ATAC_PCs                                             	ATAC components for UMAP	 integer   	 vector     	 !expr 2:30                       	FALSE                          	                          	                                                                                                                     	 plotting/UMAP                	 ATAC,WNN              	Use the LSI QC results to exclude components dominated by unwanted technical variation; this does not change the separate component selection for clustering. The helper selects these embedding columns before passing the resulting matrix to uwot::umap(X = ...).
aggregation          	 aggregation_UMAP_GEX_PCs                                              	GEX components for UMAP	 integer   	 vector     	 !expr 1:30                       	FALSE                          	                          	                                                                                                                     	 plotting/UMAP                	 GEX,WNN               	Use the PCA QC results to select the structure you want to visualize; this does not change the separate component selection for clustering. The helper selects these embedding columns before passing the resulting matrix to uwot::umap(X = ...).
aggregation          	 aggregation_other_interesting_genes                                   	Additional genes to plot	 character 	 vector     	 NULL                             	TRUE                           	                          	 [MS4A1, TRAC, LYZ]                                                                                                  	plotting/UMAP	 GEX,ATAC,WNN          	Use these plots to inspect candidate genes or pathways without adding them to the annotation signatures or changing the assigned cell-type labels.
differential_analyses	 differential_analyses_cell_type_composition_models 	Cell-type abundance models	 named_list 	 named_list 	 NULL 	TRUE                           	                          	 {sex: {formula: "~ sexMale", contrast_specs_vec: {male_vs_female: sexMale}}} 	 cell_type_composition                         	 differential_analyses 	Compare relative abundance between donors while accounting for the specified covariates and contrasts. Donor or GEM-well filters define the analysis population; restricting the cell types tested does not change the composition denominator. Use biological replication to distinguish condition effects from donor differences. The helper adds the cell-type count response to the supplied formula before fitting it with glmmTMB::glmmTMB(formula = ...); the design is constructed with stats::model.matrix().
differential_analyses	 differential_analyses_pseudobulk_models                                	Pseudobulk comparison models	 named_list	 named_list 	 NULL                             	TRUE                           	                          	 {condition_demo: {formula: ~ 0 + cluster + condition, contrast_specs_vec: {lymphoma_vs_healthy: conditionlymphoma}}}	 pseudobulk differential                	 differential_analyses 	Use counts aggregated within cell type and donor, with the specified covariates and named contrasts. Use it to test expression or accessibility differences with donors as biological replicates rather than treating individual cells as independent samples. Model formulas are converted through helpers to stats::model.matrix(); count-model design matrices are supplied to edgeR::voomLmFit(design = ...), with contrasts tested downstream.
differential_analyses	 differential_analyses_pseudobulk_OT_GWAS_efo_id                        	GWAS trait for volcano plots	 character 	 scalar     	 NULL                             	TRUE                           	                          	 EFO_0000540                                                                                                         	 pseudobulk differential                	 differential_analyses 	Genes with Open Targets evidence for this disease or trait are highlighted in the figures. This adds genetic context to the display without changing the differential-analysis model or its significance estimates.
differential_analyses	 differential_analyses_motif_family_accessibility_min_ATAC_counts                            	Minimum motif-analysis ATAC counts	 integer   	 scalar     	 5000                             	FALSE                          	                          	                                                                                                                     	 pseudobulk differential                	 differential_analyses 	Excludes cluster-donor samples with insufficient ATAC coverage from motif-family comparisons. Raising it favors better-supported samples but can reduce donor replication or remove sparse cell types from the analysis.
differential_analyses	 differential_analyses_extended_donor_id_metadata_tsv                  	Extended donor metadata table	 path      	 scalar     	 NULL                             	TRUE                           	                          	 metadata/extended_donor_metadata.tsv                                                                                	 metadata                     	 differential_analyses 	Provides covariates needed by the differential-analysis models beyond those already used in the aggregation. It must preserve unique donor_id identifiers matching the analysis; when omitted, the module uses the aggregation's donor metadata table.
genetic_enrichment   	 genetic_enrichment_GWAS_studies                                       	GWAS studies	 named_list	 named_list 	 NULL                             	FALSE                          	                          	 {IBD_Liu2023: {Category: immune_disease, sourceId: GCST90292538, finemappingMethod: auto}}                          	 GWAS sources                 	 genetic_enrichment    	Their fine-mapping evidence is related to chromatin accessibility to investigate trait-associated cell populations. Study names label downstream results; supported GCST accessions are resolved through Open Targets, while local sources use prepared Parquet files.
genetic_enrichment   	 genetic_enrichment_posterior_probability_cutoff                       	Variant posterior probability cutoff	 numeric   	 scalar     	 0.001                            	FALSE                          	                          	                                                                                                                     	 gchromVAR                    	 genetic_enrichment    	Applied to credible-set variants before their evidence is assigned to accessible peaks. A stricter cutoff concentrates analysis on better-supported variants but discards more uncertainty from the fine-mapping results.
genetic_enrichment   	 genetic_enrichment_compartment_patterns                               	Cell-type plot groups	 named_list	 named_list 	 NULL                             	TRUE                           	                          	 {lymphoid: B|T|NK, myeloid: Mono|pDC}                                                                               	 plots                        	 genetic_enrichment    	Use these groupings to keep large figures readable; they do not change the underlying enrichment calculations.
genetic_enrichment   	 genetic_enrichment_SCAVENGE_restart_prob                              	SCAVENGE restart probability	 numeric   	 scalar     	 0.05                             	FALSE                          	                          	                                                                                                                     	 SCAVENGE                     	 genetic_enrichment    	Higher values keep propagation closer to the seed cells; lower values allow enrichment signals to spread farther through the graph. Passed to the local random-walk implementation as restart_prob, not to an external SCAVENGE package function.
genetic_enrichment   	 genetic_enrichment_SCAVENGE_seed_percent                              	SCAVENGE seed-cell fraction	 numeric   	 scalar     	 0.05                             	FALSE                          	                          	                                                                                                                     	 SCAVENGE                     	 genetic_enrichment    	Caps the cells selected from high gchromVAR scores to initiate network propagation. This is a cap rather than a guaranteed seed count, because cells must also satisfy the seed-selection criteria. Passed to the local get_SCAVENGE_seed_index(seed_percent = ...) helper, not to an external SCAVENGE package function.
peak_gene_correlation	peak_gene_correlation_top_links_per_cell_group	Peak–gene links to display	integer	scalar	3	FALSE		3	peak-gene correlation	peak_gene_correlation	The highest-ranked candidates in each cell group are shown in scatter and genomic-track figures. It controls the display workload, not how many associations are tested.
genetic_enrichment	genetic_enrichment_variant_detail_min_z	Variant-detail z-score cutoff	numeric	scalar	1	FALSE		1,2	plots	genetic_enrichment	Selects GWAS and cell-type combinations for detailed variant and coverage figures using positive deviation and a minimum enrichment z-score in either analysis route. This limits expensive plotting work; it is a descriptive screen, not a significance threshold.
peak_gene_correlation	peak_gene_correlation_filter	Peak–gene support filter	character	scalar	lenient	FALSE	lenient,moderate,strict	lenient	peak-gene correlation	peak_gene_correlation	Applied before statistical testing to require sufficient expression, accessibility and shared donor support. Stricter presets prioritize better-measured links but reduce coverage of sparse signals; they do not themselves establish a regulatory relationship.
