motif_family	short_name	display_name	TF_members	motif_ids	TF_classes
cluster_001	AP-1 / MAF-rich	AP-1 / MAF-rich · 001	ATF3; BACH1; BACH1::MAFK; BACH2; BATF; BATF::JUN; BATF3; BNC2; FOS; FOS::JUN; FOS::JUNB; FOS::JUND; FOSB; FOSB::JUNB; FOSL1; FOSL1::JUN; FOSL1::JUNB; FOSL1::JUND; FOSL2; FOSL2::JUN; FOSL2::JUNB; FOSL2::JUND; HIC1; HIC2; JDP2; JUN; JUN::JUNB; JUNB; JUND; MAF; MAF::NFE2; MAFA; MAFG; MAFG::NRF1; MAFK; MEIS1; MEIS2; MEIS3; NFE2; NFE2L2; NFIA; NFIC; NFIX; PBX3; PKNOX1; ZNF274	MA0089.3; MA0099.4; MA0150.3; MA0161.3; MA0462.3; MA0476.2; MA0477.3; MA0478.2; MA0489.3; MA0490.3; MA0491.3; MA0496.4; MA0498.3; MA0501.2; MA0591.2; MA0655.1; MA0659.4; MA0670.2; MA0671.2; MA0738.2; MA0739.2; MA0774.1; MA0775.2; MA0782.3; MA0835.3; MA0841.2; MA1101.3; MA1114.2; MA1128.2; MA1130.2; MA1132.2; MA1134.2; MA1135.2; MA1137.2; MA1138.2; MA1141.2; MA1142.2; MA1144.2; MA1520.2; MA1521.2; MA1592.2; MA1633.2; MA1634.2; MA1928.2; MA1988.2; MA2486.1	Basic leucine zipper factors (bZIP); Basic leucine zipper factors (bZIP)::Uncharacterized; C2H2 zinc finger factors; Homeo domain factors; SMAD/NF-1 DNA-binding domain factors
cluster_002	ETS-rich	ETS-rich · 002	DMTF1; EHF; ELF1; ELF2; ELF3; ELF4; ELF5; ELK1; ELK1::HOXA1; ELK1::HOXB13; ELK3; ELK4; ERF; ERF::FIGLA; ERF::FOXI1; ERF::FOXO1; ERF::HOXB13; ERG; ETS1; ETS2; ETV1; ETV2; ETV2::DRGX; ETV2::FIGLA; ETV2::FOXI1; ETV2::HOXB13; ETV3; ETV4; ETV5; ETV5::DRGX; ETV5::FIGLA; ETV5::FOXI1; ETV5::FOXO1; ETV5::HOXA2; ETV6; ETV7; FEV; FLI1; FLI1::DRGX; FLI1::FOXI1; FOXJ2::ELF1; FOXO1::ELF1; FOXO1::ELK1; FOXO1::ELK3; FOXO1::FLI1; GABPA; HOXB2::ELK1; HOXD12::ELK1; IKZF1; IKZF3; SPDEF; SPI1; SPIB; SPIC; TFAP4::ETV1; TFAP4::FLI1; TFCP2L1; ZBTB11; ZBTB2; ZIM3; ZNF140; ZNF175; ZNF728	MA0028.3; MA0062.4; MA0076.3; MA0080.7; MA0081.3; MA0098.4; MA0136.4; MA0145.2; MA0156.4; MA0473.4; MA0474.4; MA0475.3; MA0598.4; MA0640.3; MA0641.1; MA0645.2; MA0686.2; MA0687.2; MA0759.3; MA0760.2; MA0761.3; MA0762.2; MA0763.2; MA0764.4; MA0765.4; MA1483.3; MA1484.2; MA1508.2; MA1589.3; MA1708.2; MA1709.2; MA1931.1; MA1932.2; MA1934.2; MA1935.2; MA1936.2; MA1937.2; MA1940.2; MA1941.2; MA1942.2; MA1943.2; MA1944.2; MA1945.2; MA1946.2; MA1947.2; MA1948.2; MA1949.2; MA1950.2; MA1952.2; MA1953.2; MA1954.2; MA1955.2; MA1956.2; MA1957.1; MA1958.2; MA1966.2; MA1967.2; MA1992.2; MA2329.1; MA2332.1; MA2340.1; MA2589.1; MA2594.1	Basic helix-loop-helix factors (bHLH)::Tryptophan cluster factors; C2H2 zinc finger factors; Fork head/winged helix factors::Tryptophan cluster factors; Grainyhead domain factors; Homeo domain factors::Tryptophan cluster factors; Tryptophan cluster factors; Tryptophan cluster factors::Basic helix-loop-helix factors (bHLH); Tryptophan cluster factors::Fork head/winged helix factors; Tryptophan cluster factors::Homeo domain factors
cluster_003	GATA-rich	GATA-rich · 003	GATA1; GATA2; GATA3; GATA4; GATA5; GATA6; MECOM; TRPS1; ZGLP1	MA0029.2; MA0035.5; MA0036.4; MA0037.5; MA0482.3; MA0766.3; MA1104.3; MA1970.2; MA2557.1	C2H2 zinc finger factors; Other C4 zinc finger-type factors
cluster_004	NFI-rich	NFI-rich · 004	NFIB; NFIC; NFIC::TLX1; NFIX; ZNF454	MA0119.1; MA1527.2; MA1528.2; MA1643.2; MA1712.2	C2H2 zinc finger factors; SMAD/NF-1 DNA-binding domain factors; SMAD/NF-1 DNA-binding domain factors::Homeo domain factors
cluster_005	RFX-rich	RFX-rich · 005	RFX1; RFX2; RFX3; RFX4; RFX5; RFX6; RFX7; ZNF547	MA0509.3; MA0510.3; MA0600.3; MA0798.3; MA0799.3; MA1554.2; MA1724.2; MA2334.1	C2H2 zinc finger factors; Fork head/winged helix factors
cluster_006	HSF / STAT / BCL6	HSF / STAT / BCL6 · 006	BCL6; BCL6B; HSF1; HSF2; HSF4; STAT1; STAT3; STAT4; STAT5A; STAT5A::STAT5B; STAT5B; STAT6	MA0137.4; MA0144.3; MA0463.3; MA0486.2; MA0518.2; MA0519.2; MA0520.2; MA0731.1; MA0770.1; MA0771.1; MA1624.2; MA1625.2	C2H2 zinc finger factors; Heat shock factors; STAT domain factors
cluster_007	FOX / MEF2-rich	FOX / MEF2-rich · 007	BARHL1; BARHL2; FOXA1; FOXA2; FOXA3; FOXB1; FOXC1; FOXC2; FOXD1; FOXD2; FOXD3; FOXE1; FOXF1; FOXF2; FOXG1; FOXI1; FOXJ2; FOXJ3; FOXK1; FOXK2; FOXL1; FOXL2; FOXM1; FOXN3; FOXO1; FOXO3; FOXO4; FOXO6; FOXP1; FOXP2; FOXP3; FOXP4; FOXQ1; FOXS1; HMGA1; MEF2A; MEF2B; MEF2C; MEF2D; ZNF362; ZNF384	MA0030.2; MA0031.2; MA0032.2; MA0033.2; MA0040.2; MA0041.3; MA0042.2; MA0047.4; MA0052.5; MA0148.5; MA0157.4; MA0480.3; MA0481.4; MA0497.2; MA0593.2; MA0613.1; MA0614.1; MA0635.2; MA0660.1; MA0773.1; MA0845.1; MA0846.2; MA0847.4; MA0848.1; MA0849.1; MA0850.1; MA0851.2; MA0852.3; MA0877.4; MA1103.3; MA1125.2; MA1487.3; MA1489.1; MA1606.2; MA1607.2; MA1683.2; MA2117.1; MA2118.1; MA2124.1; MA2469.1; MA2593.1	C2H2 zinc finger factors; Fork head/winged helix factors; Homeo domain factors; MADS box factors; TATA-binding proteins
cluster_008	Homeodomain-rich	Homeodomain-rich · 008	ALX1; ALX3; ARGFX; BARX1; BSX; CRX; DLX1; DLX2; DLX3; DLX4; DLX5; DLX6; DMBX1; DPRX; DRGX; EMX1; EMX2; EN1; EN2; ESX1; EVX1; EVX2; GBX1; GBX2; GSC; GSC2; GSX1; GSX2; HESX1; HMBOX1; HMX1; HMX3; HOXA1; HOXA2; HOXA3; HOXA4; HOXA5; HOXA6; HOXA7; HOXB1; HOXB2; HOXB3; HOXB4; HOXB5; HOXB6; HOXB7; HOXB8; HOXC4; HOXC8; HOXD1; HOXD3; HOXD4; HOXD8; ISL1; ISX; LBX1; LBX2; LEUTX; LHX1; LHX2; LHX4; LHX5; LHX6; LHX8; LHX9; LMX1A; LMX1B; MEOX1; MEOX2; MIX-A; MIXL1; MNX1; MSX1; MSX2; MSX3; NANOG; NFYA; NFYB; NFYC; NKX6-1; NKX6-2; NKX6-3; NOBOX; NOTO; OTX1; OTX2; PAX4; PDX1; PITX1; PITX2; PITX3; POU6F1; POU6F2; PRRX1; PRRX2; RAX; RAX2; RHOXF1; SATB1; SHOX; SHOX2; TLX2; TPRX1; UNCX; VAX1; VAX2; VENTX; VSX1; VSX2; ZNF35	MA0027.3; MA0060.4; MA0068.2; MA0075.4; MA0125.2; MA0132.3; MA0158.2; MA0467.3; MA0502.3; MA0612.3; MA0618.2; MA0621.2; MA0628.2; MA0630.2; MA0634.2; MA0642.3; MA0644.3; MA0648.2; MA0654.2; MA0658.2; MA0661.2; MA0662.2; MA0666.3; MA0674.2; MA0675.2; MA0682.3; MA0699.2; MA0700.3; MA0701.3; MA0702.3; MA0703.3; MA0704.2; MA0705.2; MA0706.2; MA0707.3; MA0708.3; MA0709.2; MA0710.2; MA0711.2; MA0712.3; MA0714.2; MA0716.2; MA0717.2; MA0718.2; MA0719.2; MA0720.2; MA0721.2; MA0722.2; MA0723.3; MA0724.1; MA0725.2; MA0726.2; MA0793.2; MA0854.2; MA0875.2; MA0876.2; MA0879.3; MA0880.2; MA0881.2; MA0882.2; MA0883.2; MA0885.3; MA0886.2; MA0887.2; MA0888.2; MA0889.2; MA0890.2; MA0891.2; MA0892.2; MA0893.3; MA0894.2; MA0895.2; MA0896.2; MA0898.2; MA0900.3; MA0902.3; MA0903.2; MA0904.3; MA0910.3; MA0912.2; MA1463.2; MA1476.3; MA1480.2; MA1481.2; MA1495.2; MA1496.2; MA1497.2; MA1498.3; MA1499.2; MA1500.2; MA1501.2; MA1502.2; MA1504.2; MA1505.2; MA1507.2; MA1518.3; MA1519.2; MA1530.2; MA1547.2; MA1549.2; MA1577.2; MA1608.2; MA1644.2; MA1963.2; MA2093.1; MA2119.1; MA2333.1; MA2339.1; MA2597.1; MA2600.1; MA2677.1	C2H2 zinc finger factors; Heteromeric CCAAT-binding factors; Homeo domain factors; Paired box factors
cluster_009	T-box-rich	T-box-rich · 009	EOMES; GSC::TBX21; MGA; MGA::EVX1; TBR1; TBX1; TBX15; TBX18; TBX19; TBX2; TBX20; TBX21; TBX3; TBX4; TBX5; TBX6; TBXT; ZBTB47; ZNF18; ZNF652	MA0009.2; MA0688.2; MA0689.1; MA0690.3; MA0800.2; MA0801.1; MA0802.2; MA0803.1; MA0804.2; MA0805.1; MA0806.1; MA0807.1; MA1565.2; MA1566.3; MA1567.3; MA1657.2; MA1960.2; MA2492.1; MA2543.1; MA2629.1	C2H2 zinc finger factors; Homeo domain factors::T-Box factors; T-Box factors; T-Box factors::Homeo domain factors
cluster_010	SOX / TCF-LEF-rich	SOX / TCF-LEF-rich · 010	HNF1A; LEF1; SOX10; SOX11; SOX12; SOX13; SOX14; SOX15; SOX17; SOX18; SOX2; SOX3; SOX30; SOX4; SOX5; SOX6; SOX7; SOX8; SOX9; SRY; TCF7; TCF7L1; TCF7L2	MA0077.2; MA0078.3; MA0084.2; MA0087.3; MA0143.5; MA0442.3; MA0514.3; MA0515.1; MA0523.2; MA0768.3; MA0769.3; MA0867.3; MA0868.3; MA0869.3; MA1120.2; MA1152.2; MA1421.1; MA1561.2; MA1562.2; MA1563.2; MA1991.2; MA2095.1; MA2684.1	High-mobility group (HMG) domain factors; Homeo domain factors
cluster_011	GLI / GLIS / ZIC-rich	GLI / GLIS / ZIC-rich · 011	GLI1; GLI2; GLI3; GLIS1; GLIS2; GLIS3; ZBTB7B; ZBTB7C; ZIC1; ZIC4; ZIC5	MA0694.2; MA0695.3; MA0696.1; MA0734.4; MA0735.2; MA0736.1; MA0737.1; MA0751.2; MA1491.3; MA1584.2; MA1990.2	C2H2 zinc finger factors
cluster_012	IRF / STAT-rich	IRF / STAT-rich · 012	IRF1; IRF2; IRF3; IRF4; IRF5; IRF6; IRF7; IRF8; IRF9; PRDM4; STAT1::STAT2; STAT2; ZBED2	MA0050.4; MA0051.2; MA0517.2; MA0652.2; MA0653.1; MA0772.2; MA1418.2; MA1419.2; MA1420.1; MA1509.1; MA1623.2; MA1647.3; MA1971.2	C2H2 zinc finger factors; STAT domain factors; Tryptophan cluster factors
cluster_013	Nuclear receptor-rich	Nuclear receptor-rich · 013	BCL11A; ESRRA; ESRRB; ESRRG; NR1H2; NR1H3; NR1H4; NR2C1; NR2C2; NR2F2; NR4A1; NR4A2; NR5A1; NR5A2; NR6A1; PPARA; RORA; RORB; RORC; SCAND3; THAP1	MA0071.1; MA0072.2; MA0141.4; MA0160.3; MA0505.3; MA0592.4; MA0597.3; MA0643.2; MA1110.3; MA1111.2; MA1112.3; MA1150.2; MA1151.2; MA1535.2; MA1536.2; MA1540.3; MA1541.2; MA1996.2; MA2324.1; MA2337.1; MA2338.1; MA2504.1; MA2542.1	C2CH THAP-type zinc finger factors; C2H2 zinc finger factors; Nuclear receptors with C4 zinc fingers
cluster_014	MAFB / MAFF / NRL + others	MAFB / MAFF / NRL + others · 014	MAFB; MAFF; NRL; ZNF490; ZNF780B	MA0117.3; MA0495.4; MA0842.3; MA2495.1; MA2532.1	Basic leucine zipper factors (bZIP); C2H2 zinc finger factors
cluster_015	KLF / SP-rich	KLF / SP-rich · 015	KLF1; KLF10; KLF11; KLF12; KLF14; KLF15; KLF16; KLF2; KLF3; KLF4; KLF5; KLF6; KLF7; KLF8; KLF9; MAZ; PATZ1; SP1; SP2; SP3; SP4; SP5; SP8; SP9; VEZF1; WT1; ZBTB8A; ZNF148; ZNF263; ZNF281; ZNF648; ZNF682; ZNF70; ZNF740; ZNF746	MA0039.5; MA0079.5; MA0493.3; MA0516.3; MA0528.3; MA0599.1; MA0685.2; MA0740.2; MA0741.1; MA0742.2; MA0746.3; MA0747.2; MA0753.3; MA1107.3; MA1511.2; MA1512.2; MA1513.2; MA1515.2; MA1516.2; MA1517.2; MA1522.2; MA1564.2; MA1578.2; MA1599.2; MA1627.2; MA1630.3; MA1653.2; MA1959.2; MA1961.2; MA1965.2; MA2512.1; MA2565.1; MA2570.1; MA2578.1; MA2681.1	C2H2 zinc finger factors
cluster_016	bHLH / homeodomain / ZIC	bHLH / homeodomain / ZIC · 016	ASCL1; ASCL2; ATOH1; BHLHA15; BHLHE22; FERD3L; FIGLA; HAND2; MSC; MYB; MYF5; MYF6; MYOD1; MYOG; NEUROD1; NEUROD2; NEUROG2; NHLH1; OLIG2; OSR1; OSR2; PKNOX2; PRDM13; PTF1A; SNAI1; SNAI2; SNAI3; TCF12; TCF21; TCF3; TCF4; TFAP4; TGIF1; TGIF2; TGIF2LX; TGIF2LY; TWIST1; TWIST2; ZEB1; ZEB2; ZIC1::ZIC2; ZIC2; ZIC3; ZNF317	MA0048.3; MA0100.4; MA0103.4; MA0499.3; MA0500.3; MA0521.3; MA0522.4; MA0633.3; MA0665.1; MA0667.1; MA0668.3; MA0691.1; MA0697.3; MA0745.3; MA0783.1; MA0796.1; MA0797.1; MA0816.1; MA0820.2; MA0830.3; MA0832.2; MA1100.3; MA1109.2; MA1123.3; MA1467.3; MA1472.3; MA1485.1; MA1542.2; MA1558.2; MA1559.2; MA1571.1; MA1572.1; MA1593.2; MA1618.2; MA1619.2; MA1620.2; MA1628.2; MA1629.2; MA1631.2; MA1635.2; MA1638.2; MA1641.2; MA1642.2; MA1646.2; MA1648.2; MA1993.2; MA1997.2; MA2536.1; MA2686.1	Basic helix-loop-helix factors (bHLH); C2H2 zinc finger factors; Homeo domain factors; Tryptophan cluster factors
cluster_017	PAX-rich	PAX-rich · 017	PAX1; PAX2; PAX3; PAX6; PAX8; PAX9; ZNF699	MA0067.3; MA0069.1; MA0779.2; MA0781.2; MA1546.2; MA2094.1; MA2525.1	C2H2 zinc finger factors; Paired box factors
cluster_018	TEAD / NFAT / RBPJ + others	TEAD / NFAT / RBPJ + others · 018	HSF5; NFAT5; NFATC1; NFATC2; NFATC3; NFATC4; RBPJ; TEAD1; TEAD2; TEAD3; TEAD4	MA0090.4; MA0152.3; MA0606.3; MA0624.3; MA0625.3; MA0808.1; MA0809.3; MA1116.2; MA1121.2; MA1525.3; MA2676.1	Heat shock factors; Rel homology region (RHR) factors; TEA domain factors
cluster_019	E2F6 / E2F8 / TFDP1 + others	E2F6 / E2F8 / TFDP1 + others · 019	E2F6; E2F8; TFDP1; YY2; ZFP57	MA0471.3; MA0748.3; MA0865.3; MA1122.2; MA1583.2	C2H2 zinc finger factors; Fork head/winged helix factors
cluster_020	ZNF16 / ZNF324	ZNF16 / ZNF324 · 020	ZNF16; ZNF324	MA1654.2; MA1977.2	C2H2 zinc finger factors
cluster_021	SIX / PRDM15	SIX / PRDM15 · 021	PRDM15; SIX1; SIX2; SIX4	MA1118.2; MA1119.2; MA1616.2; MA2001.2	C2H2 zinc finger factors; Homeo domain factors
cluster_022	ZNF853 / ZSCAN21	ZNF853 / ZSCAN21 · 022	ZNF853; ZSCAN21	MA2336.1; MA2514.1	C2H2 zinc finger factors
cluster_023	INSM1 / CTCFL / ZXD + others	INSM1 / CTCFL / ZXD + others · 023	CTCFL; INSM1; ZSCAN25; ZXDA; ZXDB; ZXDC	MA0155.1; MA1102.3; MA2517.1; MA2576.1; MA2577.1; MA2596.1	C2H2 zinc finger factors
cluster_024	NKX-rich	NKX-rich · 024	ISL2; MSANTD1; MSANTD3; NKX2-1; NKX2-2; NKX2-3; NKX2-4; NKX2-5; NKX2-8; NKX3-1; NKX3-2	MA0063.3; MA0122.4; MA0124.3; MA0672.2; MA0673.2; MA0914.2; MA1523.2; MA1645.2; MA1994.2; MA2003.2; MA2598.1	Homeo domain factors; Tryptophan cluster factors
cluster_025	ONECUT / CUX / MEIS / PBX + others	ONECUT / CUX / MEIS / PBX + others · 025	CUX1; CUX2; MEIS1; MEIS2; ONECUT1; ONECUT2; ONECUT3; PBX1; PBX2; ZBTB17	MA0070.2; MA0679.3; MA0754.3; MA0755.2; MA0756.3; MA0757.2; MA1113.3; MA1639.2; MA1640.2; MA2102.1	C2H2 zinc finger factors; Homeo domain factors
cluster_026	RXR / RAR / NR2-rich	RXR / RAR / NR2-rich · 026	HNF4A; NR1D1; NR1D2; NR1H2::RXRA; NR2C2; NR2F1; NR2F6; PPARA::RXRA; PPARD; PPARG::RXRA; RARA; RARB; RARG; RXRA; RXRB; RXRG; THRB	MA0017.3; MA0065.3; MA0115.1; MA0504.2; MA0512.2; MA0677.2; MA0728.1; MA0729.1; MA0855.1; MA0856.1; MA0857.1; MA0859.2; MA1148.2; MA1494.2; MA1531.2; MA1532.2; MA1537.2; MA1550.2; MA1574.2	Nuclear receptors with C4 zinc fingers
cluster_027	RHOX11 / ZNF189 / ZNF341 / ZNF568 / ZNF677 / ZNF708	RHOX11 / ZNF189 / ZNF341 / ZNF568 / ZNF677 / ZNF708 · 027	RHOX11; ZNF189; ZNF341; ZNF568; ZNF677; ZNF708	MA0629.2; MA1655.2; MA1725.2; MA1730.2; MA2101.1; MA2568.1	C2H2 zinc finger factors; Homeo domain factors
cluster_028	TFAP2-rich	TFAP2-rich · 028	TFAP2A; TFAP2B; TFAP2C; TFAP2E; ZBTB6	MA0003.5; MA0812.2; MA0814.3; MA1569.2; MA1581.2	Basic helix-span-helix factors (bHSH); C2H2 zinc finger factors
cluster_029	HNF1 / POU4 / paired homeodomain	HNF1 / POU4 / paired homeodomain · 029	ALX4; ARX; HNF1A; HNF1B; LHX3; PAX3; PAX7; POU4F1; POU4F2; POU4F3	MA0046.3; MA0135.2; MA0153.2; MA0680.3; MA0683.2; MA0780.1; MA0790.2; MA0791.2; MA0853.2; MA0874.2	Homeo domain factors; Paired box factors
cluster_030	POU-rich	POU-rich · 030	POU1F1; POU2F1; POU2F1::SOX2; POU2F2; POU2F3; POU3F1; POU3F2; POU3F3; POU3F4; POU5F1; POU5F1::SOX2; POU5F1B	MA0142.1; MA0507.3; MA0627.3; MA0784.3; MA0785.2; MA0786.2; MA0787.1; MA0788.1; MA0789.1; MA0792.1; MA1115.2; MA1962.1	Homeo domain factors; Homeo domain factors::High-mobility group (HMG) domain factors
cluster_031	ZBTB14 / ZNF865	ZBTB14 / ZNF865 · 031	ZBTB14; ZNF865	MA1650.2; MA2515.1	C2H2 zinc finger factors
cluster_032	AR / PGR / NR3C1 / NR3C2	AR / PGR / NR3C1 / NR3C2 · 032	AR; NR3C1; NR3C2; PGR	MA0007.4; MA0113.4; MA0727.2; MA2323.1; MA2327.1	Nuclear receptors with C4 zinc fingers
cluster_033	HNF4 / NR / MYT	HNF4 / NR / MYT · 033	HNF4A; HNF4G; MYT1; MYT1L; NR1I3; NR2E1; VDR	MA0114.5; MA0484.3; MA0676.1; MA0693.4; MA1534.2; MA2506.1; MA2682.1	C2HC; Nuclear receptors with C4 zinc fingers
cluster_034	ZNF275 / ZNF676	ZNF275 / ZNF676 · 034	ZNF275; ZNF676	MA2550.1; MA2569.1	C2H2 zinc finger factors
cluster_035	RXR / RAR + ZNF669	RXR / RAR + ZNF669 · 035	RARB; RARG; RXRB; RXRG; ZNF669	MA1552.2; MA1553.2; MA1555.1; MA1556.1; MA1985.1	C2H2 zinc finger factors; Nuclear receptors with C4 zinc fingers
cluster_036	ZNF768 / ZNF850	ZNF768 / ZNF850 · 036	ZNF768; ZNF850	MA1731.2; MA2591.1	C2H2 zinc finger factors
cluster_037	FEZF2 / ZFP809 / ZNF416	FEZF2 / ZFP809 / ZNF416 · 037	FEZF2; ZFP809; ZNF416	MA1979.2; MA2125.1; MA2341.1	C2H2 zinc finger factors
cluster_038	EGR-rich	EGR-rich · 038	EGR1; EGR2; EGR3; EGR4; NRF1; ZNF131; ZNF142	MA0162.5; MA0472.2; MA0506.3; MA0732.2; MA0733.2; MA2546.1; MA2583.1	C2H2 zinc finger factors; Uncharacterized
cluster_039	GCM1 / GCM2 / ZBTB8B	GCM1 / GCM2 / ZBTB8B · 039	GCM1; GCM2; ZBTB8B	MA0646.2; MA0767.2; MA2579.1	C2H2 zinc finger factors; GCM domain factors
cluster_040	Posterior HOX / CDX	Posterior HOX / CDX · 040	CDX1; CDX2; CDX4; HOXA10; HOXA11; HOXA13; HOXB13; HOXB9; HOXC10; HOXC11; HOXC12; HOXC13; HOXC9; HOXD10; HOXD11; HOXD12; HOXD13; HOXD9	MA0465.3; MA0485.3; MA0650.4; MA0651.3; MA0873.2; MA0878.3; MA0899.2; MA0901.3; MA0905.2; MA0906.2; MA0907.2; MA0908.2; MA0909.4; MA0911.2; MA0913.3; MA1473.2; MA1503.2; MA1506.2	Homeo domain factors
cluster_041	HAND1 / SMAD + ZBTB26	HAND1 / SMAD + ZBTB26 · 041	HAND1; HAND1::TCF3; SMAD2; SMAD4; ZBTB26	MA0092.2; MA1153.2; MA1579.2; MA1964.2; MA2123.1	Basic helix-loop-helix factors (bHLH); C2H2 zinc finger factors; SMAD/NF-1 DNA-binding domain factors
cluster_042	ARID3 / ZNF367 / ZNF536 / TLX3	ARID3 / ZNF367 / ZNF536 / TLX3 · 042	ARID3A; ARID3B; TLX3; ZNF367; ZNF536	MA0151.1; MA0601.2; MA2552.1; MA2575.1; MA2685.1	ARID; C2H2 zinc finger factors; Homeo domain factors
cluster_043	TFAP2 / EBF + ZNF423	TFAP2 / EBF + ZNF423 · 043	EBF1; EBF2; EBF3; EBF4; TFAP2A; TFAP2B; TFAP2C; ZNF423	MA0116.2; MA0154.5; MA0524.3; MA0810.2; MA0811.2; MA0813.1; MA0815.1; MA0872.1; MA1604.2; MA1637.2; MA2122.1	Basic helix-span-helix factors (bHSH); C2H2 zinc finger factors; Rel homology region (RHR) factors
cluster_044	ZBTB48 / ZFP335 / ZNF827	ZBTB48 / ZFP335 / ZNF827 · 044	ZBTB48; ZFP335; ZNF827	MA2002.2; MA2470.1; MA2572.1	C2H2 zinc finger factors
cluster_045	bHLH / bHLH-PAS-rich	bHLH / bHLH-PAS-rich · 045	AHR::ARNT; ARNT; ARNT::HIF1A; ARNT2; ARNTL; BHLHE40; BHLHE41; CLOCK; CREB3L2; EPAS1; HELT; HES1; HES2; HES5; HES6; HEY1; HEY2; HIF1A; HIF3A; MAX; MAX::MYC; MITF; MLX; MLXIP; MLXIPL; MNT; MYC; MYCN; NPAS2; NPAS3; SOHLH2; SREBF1; SREBF2; TCFL5; TFE3; TFEB; TFEC; USF1; USF2; USF3	MA0004.1; MA0006.2; MA0058.4; MA0059.2; MA0093.4; MA0104.5; MA0147.4; MA0259.2; MA0464.3; MA0526.5; MA0603.2; MA0608.1; MA0616.3; MA0620.4; MA0622.2; MA0626.2; MA0632.3; MA0636.1; MA0649.2; MA0663.1; MA0664.2; MA0692.2; MA0819.3; MA0821.2; MA0823.1; MA0825.2; MA0828.3; MA0829.3; MA0831.3; MA0871.3; MA1099.3; MA1106.2; MA1464.2; MA1493.1; MA1560.2; MA2325.1; MA2601.1; MA2628.1; MA2674.1; MA2683.1	Basic helix-loop-helix factors (bHLH); Basic leucine zipper factors (bZIP); Homeo domain factors
cluster_046	PLAG1 / ZBTB41	PLAG1 / ZBTB41 · 046	PLAG1; ZBTB41	MA0163.1; MA2510.1	C2H2 zinc finger factors
cluster_047	FOXN1 / HINFP	FOXN1 / HINFP · 047	FOXN1; HINFP	MA0131.3; MA1684.1	C2H2 zinc finger factors; Fork head/winged helix factors
cluster_048	AP-1 / ATF / CREB / SREBF	AP-1 / ATF / CREB / SREBF · 048	ATF1; ATF2; ATF3; ATF7; CREB1; CREB3L4; CREB5; CREM; FOS; FOS::JUN; FOSB::JUN; FOSB::JUNB; FOSL1::JUN; FOSL1::JUND; FOSL2::JUN; FOSL2::JUNB; FOSL2::JUND; JDP2; JUN; JUN::JUNB; JUNB; JUND; SREBF1; SREBF2	MA0018.5; MA0488.2; MA0492.2; MA0595.1; MA0596.1; MA0604.1; MA0605.3; MA0609.3; MA0656.2; MA0834.2; MA0840.2; MA1126.2; MA1127.1; MA1129.1; MA1131.2; MA1133.2; MA1136.1; MA1139.2; MA1140.3; MA1143.2; MA1145.2; MA1475.2; MA1632.2; MA1951.2	Basic helix-loop-helix factors (bHLH); Basic leucine zipper factors (bZIP)
cluster_049	GRHL / SCRT / TFCP2	GRHL / SCRT / TFCP2 · 049	GRHL1; GRHL2; SCRT1; SCRT2; TFCP2	MA0647.2; MA0743.3; MA0744.3; MA1105.3; MA1968.2	C2H2 zinc finger factors; Grainyhead domain factors
cluster_050	SIX3 / SPZ1	SIX3 / SPZ1 · 050	SIX3; SPZ1	MA0111.1; MA0631.2	Basic helix-loop-helix factors (bHLH); Homeo domain factors
cluster_051	ZBTB12 / ZNF524	ZBTB12 / ZNF524 · 051	ZBTB12; ZNF524	MA1649.2; MA2096.1	C2H2 zinc finger factors
cluster_052	THAP11 / ZNF143	THAP11 / ZNF143 · 052	THAP11; ZNF143	MA0088.3; MA1573.2	C2CH THAP-type zinc finger factors; C2H2 zinc finger factors
cluster_053	YY1 / ZFP42	YY1 / ZFP42 · 053	YY1; ZFP42	MA0095.4; MA1651.2	C2H2 zinc finger factors
cluster_054	DMRT3 / DMRTA / DMRTC2	DMRT3 / DMRTA / DMRTC2 · 054	DMRT3; DMRTA1; DMRTA2; DMRTC2	MA0610.2; MA1478.2; MA1479.2; MA1707.2	DM-type intertwined zinc finger factors
cluster_055	GMEB1 / GMEB2 / ZNF800	GMEB1 / GMEB2 / ZNF800 · 055	GMEB1; GMEB2; ZNF800	MA0615.2; MA0862.1; MA2571.1	C2H2 zinc finger factors; SAND domain factors
cluster_056	ZNF134 / ZNF772	ZNF134 / ZNF772 · 056	ZNF134; ZNF772	MA2491.1; MA2529.1	C2H2 zinc finger factors
cluster_057	Proneural bHLH-rich	Proneural bHLH-rich · 057	ATOH1; ATOH7; BHLHA15; BHLHE22; BHLHE23; MSGN1; NEUROG1; NEUROG2; OLIG1; OLIG2; OLIG3; TAL1::TCF3; TCF21; TFAP4; ZBTB18	MA0091.2; MA0461.3; MA0607.2; MA0623.2; MA0669.1; MA0678.1; MA0698.2; MA0817.2; MA0818.2; MA0826.1; MA0827.1; MA1468.1; MA1524.3; MA1568.2; MA1570.1	Basic helix-loop-helix factors (bHLH); C2H2 zinc finger factors
cluster_058	FAM200B / ZBTB7A / ZNF335	FAM200B / ZBTB7A / ZNF335 · 058	FAM200B; ZBTB7A; ZNF335	MA0750.4; MA2511.1; MA2588.1	C2H2 zinc finger factors
cluster_059	E2F1-4 / MYPOP	E2F1-4 / MYPOP · 059	E2F1; E2F2; E2F3; E2F4; MYPOP	MA0024.3; MA0469.4; MA0470.3; MA0864.3; MA2535.1	Fork head/winged helix factors; Tryptophan cluster factors
cluster_060	ZNF121 / ZNF549	ZNF121 / ZNF549 · 060	ZNF121; ZNF549	MA1728.2; MA2582.1	C2H2 zinc finger factors
cluster_061	BANP / ZBED1 / ZBTB33	BANP / ZBED1 / ZBTB33 · 061	BANP; ZBED1; ZBTB33	MA0527.2; MA0749.2; MA2503.1	ARID; C2H2 zinc finger factors
cluster_062	IKZF2 / PRDM1	IKZF2 / PRDM1 · 062	IKZF2; PRDM1	MA0508.4; MA2326.1	C2H2 zinc finger factors
cluster_063	ZNF146 / ZNF260	ZNF146 / ZNF260 · 063	ZNF146; ZNF260	MA2457.1; MA2458.1	C2H2 zinc finger factors
cluster_064	ZNF610 / ZNF66	ZNF610 / ZNF66 · 064	ZNF610; ZNF66	MA1713.2; MA2581.1	C2H2 zinc finger factors
cluster_065	C/EBP / PAR-bZIP-rich	C/EBP / PAR-bZIP-rich · 065	ATF4; CEBPA; CEBPB; CEBPD; CEBPE; CEBPG; DBP; HLF; NFIL3; TEF	MA0025.3; MA0043.4; MA0102.5; MA0466.4; MA0639.2; MA0833.3; MA0836.3; MA0837.3; MA0838.1; MA0843.2; MA1636.2	Basic leucine zipper factors (bZIP)
cluster_066	NF-kB-rich	NF-kB-rich · 066	NFKB1; NFKB2; REL; RELA; ZNF831	MA0101.1; MA0105.4; MA0107.1; MA0778.2; MA2534.1	C2H2 zinc finger factors; Rel homology region (RHR) factors
cluster_067	ZFTA / ZNF320	ZFTA / ZNF320 · 067	ZFTA; ZNF320	MA1976.3; MA2603.1	C2H2 zinc finger factors
cluster_068	ZNF135 / ZNF460	ZNF135 / ZNF460 · 068	ZNF135; ZNF460	MA1587.1; MA1596.1	C2H2 zinc finger factors
cluster_069	DMRT1 / DMRTB1	DMRT1 / DMRTB1 · 069	DMRT1; DMRTB1	MA1603.2; MA2484.1	DM-type intertwined zinc finger factors
cluster_070	DUX / PHOX2 / PROP1	DUX / PHOX2 / PROP1 · 070	DUX; DUX4; DUXA; DUXBL1; PHOX2A; PHOX2B; PROP1	MA0468.1; MA0611.3; MA0681.3; MA0713.1; MA0715.1; MA0884.2; MA2485.1	Helix-Turn-Helix; Homeo domain factors
cluster_071	ZBED5 / ZFP961 / ZNF417	ZBED5 / ZFP961 / ZNF417 · 071	ZBED5; ZFP961; ZNF417	MA1727.2; MA2126.1; MA2602.1	C2H2 zinc finger factors
cluster_072	CGGBP1 / ZNF93	CGGBP1 / ZNF93 · 072	CGGBP1; ZNF93	MA1721.2; MA2538.1	C2H2 zinc finger factors
cluster_073	NPAS4 / PAX5	NPAS4 / PAX5 · 073	NPAS4; PAX5	MA0014.4; MA1995.2	Basic helix-loop-helix factors (bHLH); Paired box factors
cluster_074	ZNF75A / ZNF75D	ZNF75A / ZNF75D · 074	ZNF75A; ZNF75D	MA1601.2; MA2097.1	C2H2 zinc finger factors
cluster_075	SMAD3 / SMAD5 + others	SMAD3 / SMAD5 + others · 075	SMAD3; SMAD5; ZNF500; ZSCAN29	MA0795.1; MA1557.1; MA1602.2; MA2585.1	C2H2 zinc finger factors; SMAD/NF-1 DNA-binding domain factors
cluster_076	ESR1 / ESR2 / PPARG	ESR1 / ESR2 / PPARG · 076	ESR1; ESR2; PPARG	MA0066.2; MA0112.4; MA0258.2	Nuclear receptors with C4 zinc fingers
cluster_077	RARG / LXR-RXR / THR	RARG / LXR-RXR / THR · 077	NR1H3::RXRA; RARG; THRA; THRB	MA0494.2; MA0860.1; MA1576.2; MA1969.2	Nuclear receptors with C4 zinc fingers
cluster_078	FOXH1 / MZF1	FOXH1 / MZF1 · 078	FOXH1; MZF1	MA0056.3; MA0479.2	C2H2 zinc finger factors; Fork head/winged helix factors
cluster_079	ZNF689 / ZNF700	ZNF689 / ZNF700 · 079	ZNF689; ZNF700	MA2523.1; MA2595.1	C2H2 zinc finger factors
cluster_080	PLAGL1 / PLAGL2	PLAGL1 / PLAGL2 · 080	PLAGL1; PLAGL2	MA1548.2; MA1615.2	C2H2 zinc finger factors
cluster_081	RUNX / BCL11B	RUNX / BCL11B · 081	BCL11B; RUNX1; RUNX2; RUNX3	MA0002.3; MA0511.2; MA0684.3; MA1989.2	C2H2 zinc finger factors; Runt domain factors
cluster_082	ATF6 / CREB3 / XBP1	ATF6 / CREB3 / XBP1 · 082	ATF6; CREB3; CREB3L1; CREB3L4; XBP1	MA0638.2; MA0839.2; MA0844.2; MA1466.2; MA1474.2	Basic leucine zipper factors (bZIP)
cluster_083	TP53 / TP63 / TP73	TP53 / TP63 / TP73 · 083	TP53; TP63; TP73	MA0106.3; MA0525.2; MA0861.2	p53 domain factors
cluster_084	IRX / MKX / MXI1 / NACC2	IRX / MKX / MXI1 / NACC2 · 084	IRX1; IRX2; IRX5; MKX; MXI1; NACC2	MA1108.3; MA2559.1; MA2592.1; MA2678.1; MA2679.1; MA2680.1	Basic helix-loop-helix factors (bHLH); C2H2 zinc finger factors; Homeo domain factors
cluster_085	NR2F / NR-RXR	NR2F / NR-RXR · 085	NR1H4::RXRA; NR2F1; NR2F6; NR4A2::RXRA	MA1146.2; MA1147.2; MA1538.1; MA1539.1	Nuclear receptors with C4 zinc fingers
cluster_086	ELK1::SREBF2 / ERF::SREBF2	ELK1::SREBF2 / ERF::SREBF2 · 086	ELK1::SREBF2; ERF::SREBF2	MA1933.2; MA1939.2	Tryptophan cluster factors::Basic helix-loop-helix factors (bHLH)
cluster_087	GFI1 / GFI1B	GFI1 / GFI1B · 087	GFI1; GFI1B	MA0038.3; MA0483.2	C2H2 zinc finger factors
cluster_088	NR1I2 / RXRA::VDR	NR1I2 / RXRA::VDR · 088	NR1I2; RXRA::VDR	MA0074.1; MA1533.2	Nuclear receptors with C4 zinc fingers
cluster_089	ZNF226 / ZNF234	ZNF226 / ZNF234 · 089	ZNF226; ZNF234	MA2548.1; MA2549.1	C2H2 zinc finger factors
cluster_090	SOX1 / SOX21	SOX1 / SOX21 · 090	SOX1; SOX21	MA0866.1; MA0870.1	High-mobility group (HMG) domain factors
cluster_091	RAR / RAR-RXR	RAR / RAR-RXR · 091	RARA; RARA::RXRA; RARA::RXRG; RARB	MA0159.1; MA0730.1; MA0858.1; MA1149.2	Nuclear receptors with C4 zinc fingers
cluster_092	DDIT3::CEBPA	DDIT3::CEBPA · 092	DDIT3::CEBPA	MA0019.2	Basic leucine zipper factors (bZIP)
cluster_093	RREB1	RREB1 · 093	RREB1	MA0073.2	C2H2 zinc finger factors
cluster_094	SRF	SRF · 094	SRF	MA0083.3	MADS box factors
cluster_095	TBP	TBP · 095	TBP	MA0108.3	TATA-binding proteins
cluster_096	ZNF354C	ZNF354C · 096	ZNF354C	MA0130.1	C2H2 zinc finger factors
cluster_097	REST	REST · 097	REST	MA0138.3	C2H2 zinc finger factors
cluster_098	CTCF	CTCF · 098	CTCF	MA0139.2	C2H2 zinc finger factors
cluster_099	GATA1::TAL1	GATA1::TAL1 · 099	GATA1::TAL1	MA0140.3	Other C4 zinc finger-type factors::Basic helix-loop-helix factors (bHLH)
cluster_100	ZFX	ZFX · 100	ZFX	MA0146.3	C2H2 zinc finger factors
cluster_101	EWSR1-FLI1	EWSR1-FLI1 · 101	EWSR1-FLI1	MA0149.1	Tryptophan cluster factors
cluster_102	NR2E3	NR2E3 · 102	NR2E3	MA0164.2	Nuclear receptors with C4 zinc fingers
cluster_103	HOXA9	HOXA9 · 103	HOXA9	MA0594.3	Homeo domain factors
cluster_104	ARID5A	ARID5A · 104	ARID5A	MA0602.2	ARID
cluster_105	LIN54	LIN54 · 105	LIN54	MA0619.2	CRC domain
cluster_106	KLF13	KLF13 · 106	KLF13	MA0657.2	C2H2 zinc finger factors
cluster_107	ZNF410	ZNF410 · 107	ZNF410	MA0752.2	C2H2 zinc finger factors
cluster_108	E2F7	E2F7 · 108	E2F7	MA0758.1	Fork head/winged helix factors
cluster_109	MYBL1	MYBL1 · 109	MYBL1	MA0776.1	Tryptophan cluster factors
cluster_110	MYBL2	MYBL2 · 110	MYBL2	MA0777.1	Tryptophan cluster factors
cluster_111	PROX1	PROX1 · 111	PROX1	MA0794.1	Homeo domain factors
cluster_112	HES7	HES7 · 112	HES7	MA0822.1	Basic helix-loop-helix factors (bHLH)
cluster_113	MTF1	MTF1 · 113	MTF1	MA0863.1	C2H2 zinc finger factors
cluster_114	HMX2	HMX2 · 114	HMX2	MA0897.2	Homeo domain factors
cluster_115	RELB	RELB · 115	RELB	MA1117.2	Rel homology region (RHR) factors
cluster_116	ZNF24	ZNF24 · 116	ZNF24	MA1124.1	C2H2 zinc finger factors
cluster_117	ZNF282	ZNF282 · 117	ZNF282	MA1154.2	C2H2 zinc finger factors
cluster_118	ZSCAN4	ZSCAN4 · 118	ZSCAN4	MA1155.1	C2H2 zinc finger factors
cluster_119	BACH2	BACH2 · 119	BACH2	MA1470.2	Basic leucine zipper factors (bZIP)
cluster_120	BARX2	BARX2 · 120	BARX2	MA1471.2	Homeo domain factors
cluster_121	KLF17	KLF17 · 121	KLF17	MA1514.2	C2H2 zinc finger factors
cluster_122	NHLH2	NHLH2 · 122	NHLH2	MA1529.2	Basic helix-loop-helix factors (bHLH)
cluster_123	OVOL1	OVOL1 · 123	OVOL1	MA1544.2	C2H2 zinc finger factors
cluster_124	OVOL2	OVOL2 · 124	OVOL2	MA1545.2	C2H2 zinc finger factors
cluster_125	THRB	THRB · 125	THRB	MA1575.2	Nuclear receptors with C4 zinc fingers
cluster_126	ZBTB32	ZBTB32 · 126	ZBTB32	MA1580.1	C2H2 zinc finger factors
cluster_127	ZKSCAN1	ZKSCAN1 · 127	ZKSCAN1	MA1585.2	C2H2 zinc finger factors
cluster_128	ZNF136	ZNF136 · 128	ZNF136	MA1588.1	C2H2 zinc finger factors
cluster_129	ZNF382	ZNF382 · 129	ZNF382	MA1594.1	C2H2 zinc finger factors
cluster_130	ZNF528	ZNF528 · 130	ZNF528	MA1597.1	C2H2 zinc finger factors
cluster_131	ZNF684	ZNF684 · 131	ZNF684	MA1600.2	C2H2 zinc finger factors
cluster_132	ZKSCAN5	ZKSCAN5 · 132	ZKSCAN5	MA1652.2	C2H2 zinc finger factors
cluster_133	ZNF449	ZNF449 · 133	ZNF449	MA1656.2	C2H2 zinc finger factors
cluster_134	ZNF257	ZNF257 · 134	ZNF257	MA1710.2	C2H2 zinc finger factors
cluster_135	ZNF343	ZNF343 · 135	ZNF343	MA1711.2	C2H2 zinc finger factors
cluster_136	ZNF675	ZNF675 · 136	ZNF675	MA1714.2	C2H2 zinc finger factors
cluster_137	ZNF707	ZNF707 · 137	ZNF707	MA1715.1	C2H2 zinc finger factors
cluster_138	ZNF76	ZNF76 · 138	ZNF76	MA1716.2	C2H2 zinc finger factors
cluster_139	ZNF784	ZNF784 · 139	ZNF784	MA1717.2	C2H2 zinc finger factors
cluster_140	ZNF8	ZNF8 · 140	ZNF8	MA1718.1	C2H2 zinc finger factors
cluster_141	ZNF816	ZNF816 · 141	ZNF816	MA1719.2	C2H2 zinc finger factors
cluster_142	ZNF85	ZNF85 · 142	ZNF85	MA1720.2	C2H2 zinc finger factors
cluster_143	ZSCAN31	ZSCAN31 · 143	ZSCAN31	MA1722.2	C2H2 zinc finger factors
cluster_144	PRDM9	PRDM9 · 144	PRDM9	MA1723.2	C2H2 zinc finger factors
cluster_145	ZNF331	ZNF331 · 145	ZNF331	MA1726.2	C2H2 zinc finger factors
cluster_146	ZNF680	ZNF680 · 146	ZNF680	MA1729.2	C2H2 zinc finger factors
cluster_147	CTCF	CTCF · 147	CTCF	MA1929.2	C2H2 zinc finger factors
cluster_148	CTCF	CTCF · 148	CTCF	MA1930.2	C2H2 zinc finger factors
cluster_149	ERF::NHLH1	ERF::NHLH1 · 149	ERF::NHLH1	MA1938.2	Tryptophan cluster factors::Basic helix-loop-helix factors (bHLH)
cluster_150	ZFP14	ZFP14 · 150	ZFP14	MA1972.1	C2H2 zinc finger factors
cluster_151	ZKSCAN3	ZKSCAN3 · 151	ZKSCAN3	MA1973.2	C2H2 zinc finger factors
cluster_152	ZNF211	ZNF211 · 152	ZNF211	MA1974.2	C2H2 zinc finger factors
cluster_153	ZNF214	ZNF214 · 153	ZNF214	MA1975.2	C2H2 zinc finger factors
cluster_154	ZNF354A	ZNF354A · 154	ZNF354A	MA1978.2	C2H2 zinc finger factors
cluster_155	ZNF418	ZNF418 · 155	ZNF418	MA1980.1	C2H2 zinc finger factors
cluster_156	ZNF530	ZNF530 · 156	ZNF530	MA1981.2	C2H2 zinc finger factors
cluster_157	ZNF574	ZNF574 · 157	ZNF574	MA1982.2	C2H2 zinc finger factors
cluster_158	ZNF582	ZNF582 · 158	ZNF582	MA1983.2	C2H2 zinc finger factors
cluster_159	ZNF667	ZNF667 · 159	ZNF667	MA1984.2	C2H2 zinc finger factors
cluster_160	ZNF692	ZNF692 · 160	ZNF692	MA1986.2	C2H2 zinc finger factors
cluster_161	ZNF701	ZNF701 · 161	ZNF701	MA1987.2	C2H2 zinc finger factors
cluster_162	PRDM14	PRDM14 · 162	PRDM14	MA1998.2	C2H2 zinc finger factors
cluster_163	PRDM5	PRDM5 · 163	PRDM5	MA1999.2	C2H2 zinc finger factors
cluster_164	ZNF766	ZNF766 · 164	ZNF766	MA2098.1	C2H2 zinc finger factors
cluster_165	ZNF770	ZNF770 · 165	ZNF770	MA2099.1	C2H2 zinc finger factors
cluster_166	ZSCAN16	ZSCAN16 · 166	ZSCAN16	MA2100.1	C2H2 zinc finger factors
cluster_167	ZNF184	ZNF184 · 167	ZNF184	MA2120.1	C2H2 zinc finger factors
cluster_168	ZNF213	ZNF213 · 168	ZNF213	MA2121.1	C2H2 zinc finger factors
cluster_169	ZBED4	ZBED4 · 169	ZBED4	MA2328.1	C2H2 zinc finger factors
cluster_170	ZBTB24	ZBTB24 · 170	ZBTB24	MA2330.2	C2H2 zinc finger factors
cluster_171	ZNF157	ZNF157 · 171	ZNF157	MA2331.1	C2H2 zinc finger factors
cluster_172	ZNF558	ZNF558 · 172	ZNF558	MA2335.1	C2H2 zinc finger factors
cluster_173	ZNF250	ZNF250 · 173	ZNF250	MA2462.1	C2H2 zinc finger factors
cluster_174	ZBTB21	ZBTB21 · 174	ZBTB21	MA2487.1	C2H2 zinc finger factors
cluster_175	ZBTB40	ZBTB40 · 175	ZBTB40	MA2488.1	C2H2 zinc finger factors
cluster_176	ZFP28	ZFP28 · 176	ZFP28	MA2489.1	C2H2 zinc finger factors
cluster_177	ZFP3	ZFP3 · 177	ZFP3	MA2490.1	C2H2 zinc finger factors
cluster_178	ZNF322	ZNF322 · 178	ZNF322	MA2493.1	C2H2 zinc finger factors
cluster_179	ZNF436	ZNF436 · 179	ZNF436	MA2494.1	C2H2 zinc finger factors
cluster_180	ZNF596	ZNF596 · 180	ZNF596	MA2496.1	C2H2 zinc finger factors
cluster_181	ZNF623	ZNF623 · 181	ZNF623	MA2497.1	C2H2 zinc finger factors
cluster_182	NACC2	NACC2 · 182	NACC2	MA2507.1	C2H2 zinc finger factors
cluster_183	CASZ1	CASZ1 · 183	CASZ1	MA2508.1	C2H2 zinc finger factors
cluster_184	ZBTB5	ZBTB5 · 184	ZBTB5	MA2509.1	C2H2 zinc finger factors
cluster_185	FLYWCH1	FLYWCH1 · 185	FLYWCH1	MA2513.1	No class information
cluster_186	ZSCAN2	ZSCAN2 · 186	ZSCAN2	MA2516.1	C2H2 zinc finger factors
cluster_187	ZNF551	ZNF551 · 187	ZNF551	MA2518.1	C2H2 zinc finger factors
cluster_188	ZNF606	ZNF606 · 188	ZNF606	MA2519.1	C2H2 zinc finger factors
cluster_189	ZNF678	ZNF678 · 189	ZNF678	MA2520.1	C2H2 zinc finger factors
cluster_190	FIZ1	FIZ1 · 190	FIZ1	MA2521.1	C2H2 zinc finger factors
cluster_191	ZNF683	ZNF683 · 191	ZNF683	MA2522.1	C2H2 zinc finger factors
cluster_192	ZNF696	ZNF696 · 192	ZNF696	MA2524.1	C2H2 zinc finger factors
cluster_193	ZNF721	ZNF721 · 193	ZNF721	MA2526.1	C2H2 zinc finger factors
cluster_194	ZNF726	ZNF726 · 194	ZNF726	MA2527.1	C2H2 zinc finger factors
cluster_195	ZNF732	ZNF732 · 195	ZNF732	MA2528.1	C2H2 zinc finger factors
cluster_196	ZNF773	ZNF773 · 196	ZNF773	MA2530.1	C2H2 zinc finger factors
cluster_197	ZNF775	ZNF775 · 197	ZNF775	MA2531.1	C2H2 zinc finger factors
cluster_198	ZNF814	ZNF814 · 198	ZNF814	MA2533.1	C2H2 zinc finger factors
cluster_199	SALL3	SALL3 · 199	SALL3	MA2537.1	C2H2 zinc finger factors
cluster_200	SLC2A4RG	SLC2A4RG · 200	SLC2A4RG	MA2539.1	C2H2 zinc finger factors
cluster_201	SP140L	SP140L · 201	SP140L	MA2540.1	SAND domain factors
cluster_202	CREB3L3	CREB3L3 · 202	CREB3L3	MA2541.1	Basic leucine zipper factors (bZIP)
cluster_203	ZKSCAN4	ZKSCAN4 · 203	ZKSCAN4	MA2544.1	C2H2 zinc finger factors
cluster_204	ZNF57	ZNF57 · 204	ZNF57	MA2545.1	C2H2 zinc finger factors
cluster_205	ZNF215	ZNF215 · 205	ZNF215	MA2547.1	C2H2 zinc finger factors
cluster_206	ZNF286B	ZNF286B · 206	ZNF286B	MA2551.1	C2H2 zinc finger factors
cluster_207	ZNF407	ZNF407 · 207	ZNF407	MA2553.1	C2H2 zinc finger factors
cluster_208	ZNF471	ZNF471 · 208	ZNF471	MA2554.1	C2H2 zinc finger factors
cluster_209	ZNF493	ZNF493 · 209	ZNF493	MA2555.1	C2H2 zinc finger factors
cluster_210	ZNF510	ZNF510 · 210	ZNF510	MA2556.1	C2H2 zinc finger factors
cluster_211	MSANTD4	MSANTD4 · 211	MSANTD4	MA2558.1	Tryptophan cluster factors
cluster_212	POGK	POGK · 212	POGK	MA2560.1	C2H2 zinc finger factors
cluster_213	TIGD4	TIGD4 · 213	TIGD4	MA2561.1	C2H2 zinc finger factors
cluster_214	TIGD5	TIGD5 · 214	TIGD5	MA2562.1	C2H2 zinc finger factors
cluster_215	TIGD7	TIGD7 · 215	TIGD7	MA2563.1	C2H2 zinc finger factors
cluster_216	ZNF43	ZNF43 · 216	ZNF43	MA2564.1	C2H2 zinc finger factors
cluster_217	ZNF395	ZNF395 · 217	ZNF395	MA2566.1	C2H2 zinc finger factors
cluster_218	ZNF497	ZNF497 · 218	ZNF497	MA2567.1	C2H2 zinc finger factors
cluster_219	ZNF836	ZNF836 · 219	ZNF836	MA2573.1	C2H2 zinc finger factors
cluster_220	ZNF878	ZNF878 · 220	ZNF878	MA2574.1	C2H2 zinc finger factors
cluster_221	ZNF20	ZNF20 · 221	ZNF20	MA2580.1	C2H2 zinc finger factors
cluster_222	DNTTIP1	DNTTIP1 · 222	DNTTIP1	MA2584.1	Rel homology region (RHR) factors
cluster_223	ZNF518B	ZNF518B · 223	ZNF518B	MA2586.1	C2H2 zinc finger factors
cluster_224	ZNF672	ZNF672 · 224	ZNF672	MA2587.1	C2H2 zinc finger factors
cluster_225	ZNF841	ZNF841 · 225	ZNF841	MA2590.1	C2H2 zinc finger factors
cluster_226	TIGD3	TIGD3 · 226	TIGD3	MA2599.1	No class information
cluster_227	HOMEZ	HOMEZ · 227	HOMEZ	MA2675.1	Homeo domain factors
cluster_228	ZNF251	ZNF251 · 228	ZNF251	MA2687.1	C2H2 zinc finger factors
cluster_229	ZNF347	ZNF347 · 229	ZNF347	MA2688.1	C2H2 zinc finger factors
cluster_230	ZNF470	ZNF470 · 230	ZNF470	MA2689.1	C2H2 zinc finger factors
cluster_231	ZNF724	ZNF724 · 231	ZNF724	MA2690.1	C2H2 zinc finger factors
cluster_232	ZNF841	ZNF841 · 232	ZNF841	MA2691.1	C2H2 zinc finger factors
cluster_233	ZNF43	ZNF43 · 233	ZNF43	MA2692.1	C2H2 zinc finger factors
