aggregation	GEM_well_count	cellranger_input_nuclei	workflow	critical_path_hours	allocated_CPU_hours	allocated_RAM_GB_hours	used_CPU_hours	used_RAM_GB_hours	peak_RAM_GB	sampled_runtime_fraction	disk_space_GB	input_disk_space_GB
comparison_1x	1	2713	multiomeR	0.047364444444444466	0.6213308333333334	6.277083333333334	0.11984991898148148	0.16857853886706725	3.0064771072	0.8469875409576808	1.0343546369999999	0.508735379
comparison_1x	1	2713	multiomeR + Seurat exports	0.049665555555555574	0.6296727777777779	6.367064444444445	0.12215158564814814	0.17203849293793658	3.0064771072	0.8299933167381809	1.153086327	0.508735379
comparison_1x	1	2713	Seurat/Signac	0.06515222222222222	0.476215	4.76215	0.08483238888888889	0.19004246021461335	2.7917287424	0.9027750070871351	0.7684910629999999	0.508735379
comparison_2x	2	13609	multiomeR	0.1952819444444444	3.927551388888889	39.580172222222224	0.7929831244088487	1.9427556314647527	13.958643712	0.9674975885461922	7.242315615	4.23773847
comparison_2x	2	13609	multiomeR + Seurat exports	0.20138194444444443	3.9505763888888885	39.83192222222222	0.7998067355199598	1.9594240938223706	13.958643712	0.9581163839466336	7.688605911	4.23773847
comparison_2x	2	13609	Seurat/Signac	0.3563872222222222	2.394791666666667	23.947916666666668	0.767519111664821	1.751617849781659	7.516192768	0.9879739016963898	5.322006039	4.23773847
comparison_5x	5	48922	multiomeR	0.5121047222222221	12.080455	121.79402	2.3941563684480807	8.201376717067458	16.10612736	0.9829934309766953	23.321707161	13.699716201
comparison_5x	5	48922	multiomeR + Seurat exports	0.5231524999999999	12.140088055555557	122.47161888888888	2.4179941351147476	8.302252704473627	16.10612736	0.9808865668076234	24.849569713999998	13.699716201
comparison_5x	5	48922	Seurat/Signac	1.280908333333333	8.595933333333333	228.64849999999998	2.1851941586670818	8.464396482778186	13.8512695296	0.9983191664275355	17.508274522	13.699716201
comparison_10x	10	91191	multiomeR	0.6981449999999999	18.211413888888888	183.6017222222222	3.4714986956873846	11.428896281829052	20.7232172032	0.9832498474805151	36.864890269	21.194942601
comparison_10x	10	91191	multiomeR + Seurat exports	0.7156858333333332	18.321391666666667	184.84147666666667	3.5199983839589897	11.663280931463525	20.7232172032	0.9783325703429815	39.700542388	21.194942601
comparison_10x	10	91191	Seurat/Signac	1.389051388888889	10.066938333333335	566.6864611111112	3.527150289808173	15.45344863434411	23.4075717632	0.9985200730510086	28.242495424	21.194942601
comparison_20x	20	238222	multiomeR	1.3815980555555551	34.132600555555555	344.5183388888889	6.639750672286398	41.50859677762969	46.3856467968	0.9803463324220308	76.04633068300001	43.137374262
comparison_20x	20	238222	multiomeR + Seurat exports	1.4326752777777776	34.46107138888889	348.0784922222222	6.780103938159415	42.92229948060029	46.3856467968	0.9744720919610476	83.268132243	43.137374262
comparison_20x	20	238222	Seurat/Signac	2.8528036111111112	21.575609999999998	1139.4021444444445	6.971590207556579	50.1709056551995	60.559038873599995	0.9993299532821244	60.262097707	43.137374262
