GWAS_ID	sourceId	Category	cell_types	rationale	traitFromSource	nSamples	nCases	publicationFirstAuthor	publicationDate	pubmedId	finemappingMethod	available_credible_sets	study_url
LymphocyteCount_Vuckovic2020	GCST90002388	blood_cell_counts	B;T;NK	Broad lymphocyte abundance proxy; does not distinguish NK from B or T cells.	Lymphocyte count	408112	0	Vuckovic D	2020-09-01	32888494	SuSiE-inf	923	https://pubmed.ncbi.nlm.nih.gov/32888494/
MonocyteCount_Vuckovic2020	GCST90002393	blood_cell_counts	Mono	Direct monocyte abundance phenotype.	Monocyte count	408112	0	Vuckovic D	2020-09-01	32888494	SuSiE-inf	967	https://pubmed.ncbi.nlm.nih.gov/32888494/
UlcerativeColitis_Liu2023	GCST90446794	immune_gut	Colonocyte;T;B;Mono;Goblet	Epithelial barrier and immune disease; shared cellular mechanisms.	Ulcerative colitis	375508	23252	Liu Z	2023-05-08	37156999	SuSiE-inf	162	https://pubmed.ncbi.nlm.nih.gov/37156999/
MultipleSclerosis_IMSGC2019	GCST009597	immune_brain	Microglia;T;B;Oligodendrocyte;OPC	Susceptibility implicates peripheral immune cells and microglia; oligodendrocytes are disease targets rather than established origin of inherited risk.	Multiple sclerosis	41505	14802	International Multiple Sclerosis Genetics Consortium	2019-09-01	31604244	PICS	140	https://pubmed.ncbi.nlm.nih.gov/31604244/
BMI_Verma2024	GCST90475159	neuronal_metabolic	Inhibitory_neuron	Broad energy-balance phenotype; not a negative control in a brain-containing atlas.	Body mass index (BMI, minimum, inv-normal transformed)	424217	0	Verma A	2024-07-19	39024449	SuSiE-inf	2128	https://pubmed.ncbi.nlm.nih.gov/39024449/
EducationalAttainment_Okbay2022	GCST90105038	neuronal_complex	Inhibitory_neuron	Broad neuronal comparator with social and indirect genetic effects; not cell-type specific or a negative control.	Educational attainment	3037499	0	Okbay A	2022-03-31	35361970	PICS	1598	https://pubmed.ncbi.nlm.nih.gov/35361970/
Asthma_Zhou2022_EUR	GCST90399686	lung_immune	Airway_secretory;T	Airway epithelial and immune mechanisms; selected for extensive SuSiE-inf coverage.	Asthma	1376071	121940	Zhou W	2022-10-12	36777996	SuSiE-inf	159	https://pubmed.ncbi.nlm.nih.gov/36777996/
IPF_Zhou2022_EUR	GCST90399720	lung_fibrosis	Alveolar_type_2;Airway_secretory;Fibroblast	Alveolar epithelial injury and fibrotic remodelling; shared rather than exclusive cell-type origin.	Idiopathic pulmonary fibrosis	953873	6257	Zhou W	2022-10-12	36777996	SuSiE-inf	16	https://pubmed.ncbi.nlm.nih.gov/36777996/
LungAdenocarcinoma_McKay2017	GCST004744	lung_cancer	Alveolar_type_2;Airway_secretory	Lung epithelial cancer susceptibility; histology does not establish a unique normal cell of origin.	Lung adenocarcinoma	66756	11273	McKay JD	2017-06-12	28604730	SuSiE-inf	13	https://pubmed.ncbi.nlm.nih.gov/28604730/
FEV1_Shrine2023	GCST90244092	lung_function	Airway_secretory;Alveolar_type_2;Smooth_muscle	Broad pulmonary physiology; lung-function GWAS implicates epithelial and smooth-muscle biology.	Lung function (FEV1)	588452	0	Shrine N	2023-03-13	36914875	PICS	196	https://pubmed.ncbi.nlm.nih.gov/36914875/
FEV1FVC_Shrine2023	GCST90244094	lung_function	Airway_secretory;Smooth_muscle	Airflow obstruction physiology; complementary to FEV1.	Lung function (FEV1/FVC)	588452	0	Shrine N	2023-03-13	36914875	PICS	318	https://pubmed.ncbi.nlm.nih.gov/36914875/
Alzheimer_Bellenguez2022	GCST90027158	neurodegeneration	Microglia	Strong microglial and innate-immune susceptibility evidence; also involves other brain cells.	Alzheimer's disease	487511	85934	Bellenguez C	2022-04-04	35379992	SuSiE-inf	79	https://pubmed.ncbi.nlm.nih.gov/35379992/
Schizophrenia_Trubetskoy2022	GCST90128471	neuronal_disease	Inhibitory_neuron;Granule_neuron	GWAS enrichment in excitatory and inhibitory neurons; granule neurons are a broader excitatory-lineage comparator.	Schizophrenia	175799	74776	Trubetskoy V	2022-04-08	35396580	PICS	222	https://pubmed.ncbi.nlm.nih.gov/35396580/
GeneralizedEpilepsy_ILAE2023	GCST90271609	neuronal_disease	Inhibitory_neuron	Neuronal excitability disease; not specific to inhibitory neurons.	Genetic generalized epilepsy	59945	7407	International League Against Epilepsy Consortium on Complex Epilepsies	2023-08-31	37653029	PICS	20	https://pubmed.ncbi.nlm.nih.gov/37653029/
Glioma_Melin2017	GCST004347	glial_cancer	Astrocyte;Oligodendrocyte;OPC	Exploratory glial-lineage cancer comparator; tumour class does not prove mature astrocyte or oligodendrocyte origin.	Glioma	30659	12469	Melin BS	2017-03-27	28346443	PICS	10	https://pubmed.ncbi.nlm.nih.gov/28346443/
WhiteMatterHyperintensity_Sargurupremraj2020	GCST011946	brain_vascular_glial	Oligodendrocyte;Astrocyte;Pericyte;Endothelial	White-matter injury and small-vessel disease proxy; mixed glial and vascular biology.	White matter hyperintensity volume	50970	0	Sargurupremraj M	2020-12-08	33293549	PICS	17	https://pubmed.ncbi.nlm.nih.gov/33293549/
DTIALPS_Total_Ran2025	GCST90455546	brain_perivascular	Astrocyte;Pericyte;Endothelial	Exploratory glymphatic/perivascular MRI proxy; not direct pericyte abundance or PVS morphology; only three available credible sets.	Total diffusion tensor imaging along the perivascular space index	31629	0	Ran L	2025-01-17	39823331	SuSiE-inf	3	https://pubmed.ncbi.nlm.nih.gov/39823331/
CLL_Guler2025	GCST90624738	B_cell_disease	B	B-cell malignancy; more cases and available loci than several population-biobank alternatives.	Chronic lymphocytic leukemia	1108777	4442	Guler M	2025-08-29	40883272	PICS	29	https://pubmed.ncbi.nlm.nih.gov/40883272/
Lupus_Bentham2015	GCST003155	immune_disease	B;T;Mono;pDC;Plasma	Autoimmune susceptibility involving B/plasma-cell antibodies and pDC/type-I-interferon biology, alongside broader immune mechanisms.	Systemic lupus erythematosus	14267	5201	Bentham J	2015-10-26	26502338	PICS	41	https://pubmed.ncbi.nlm.nih.gov/26502338/
RheumatoidArthritis_Ishigaki2022	GCST90132222	immune_disease	T;B;Mono;Fibroblast	Immune susceptibility and synovial fibroblast disease biology; not fibroblast-specific inherited risk.	Rheumatoid arthritis	276020	35871	Ishigaki K	2022-11-04	36333501	PICS	96	https://pubmed.ncbi.nlm.nih.gov/36333501/
Psoriasis_Tsoi2017	GCST004346	immune_disease	T	T-cell-mediated inflammatory disease with additional epithelial mechanisms.	Psoriasis	287323	11988	Tsoi LC	2017-05-24	28537254	PICS	10	https://pubmed.ncbi.nlm.nih.gov/28537254/
Vitiligo_Jin2016	GCST004785	immune_disease	NK;T	Exploratory NK and T-cell autoimmune comparator; melanocyte biology also contributes and NK specificity is not established.	Vitiligo	2853	2853	Jin Y	2016-11-01	27723757	PICS	42	https://pubmed.ncbi.nlm.nih.gov/27723757/
AtrialFibrillation_Roselli2025	GCST90559230	cardiac	Cardiomyocyte	Cardiac electrophysiology; interpretation depends on atrial versus ventricular identity.	Atrial fibrillation	1650345	181446	Roselli C	2025-03-06	40050429	PICS	307	https://pubmed.ncbi.nlm.nih.gov/40050429/
DilatedCardiomyopathy_Jurgens2024	GCST90624428	cardiac	Cardiomyocyte	Myocardial contractile disease; direct GWAS rather than MTAG.	Dilated cardiomyopathy	955733	9365	Jurgens SJ	2024-11-21	39572784	PICS	10	https://pubmed.ncbi.nlm.nih.gov/39572784/
ColorectalCancer_Law2019	GCST007992	colon_epithelial	Colonocyte	Colorectal epithelial neoplasia; mature colonocytes are a lineage proxy, not a proven exclusive initiating cell.	Colorectal cancer	92967	31197	Law PJ	2019-05-14	31089142	PICS	66	https://pubmed.ncbi.nlm.nih.gov/31089142/
CAD_Aragam2022_EUR	GCST90132314	vascular	Endothelial;Smooth_muscle;Mono	Atherosclerosis implicates vascular and immune cells; extensive SuSiE-inf coverage.	Coronary artery disease	1165690	0	Aragam KG	2022-12-06	36474045	SuSiE-inf	245	https://pubmed.ncbi.nlm.nih.gov/36474045/
SystolicBP_Keaton2024	GCST90310294	vascular	Smooth_muscle;Endothelial;Pericyte	Vascular tone and pressure; pericytes are a broader mural-cell proxy and renal mechanisms also contribute.	Systolic blood pressure	1028980	0	Keaton JM	2024-04-30	38689001	SuSiE-inf	1131	https://pubmed.ncbi.nlm.nih.gov/38689001/
DiastolicBP_Keaton2024	GCST90310295	vascular	Smooth_muscle;Endothelial;Pericyte	Complementary blood-pressure phenotype; not independent of systolic BP.	Diastolic blood pressure	1028980	0	Keaton JM	2024-04-30	38689001	SuSiE-inf	1077	https://pubmed.ncbi.nlm.nih.gov/38689001/
Dupuytren_Riesmeijer2024	GCST90301252	fibroblast	Fibroblast	Fibroproliferative disease with myofibroblast biology; tissue-specific comparator.	Dupuytren's disease	58343	11320	Riesmeijer SA	2024-01-03	38172110	SuSiE-inf	83	https://pubmed.ncbi.nlm.nih.gov/38172110/
LDL_Graham2021	GCST90239655	hepatic_lipids	Hepatocyte	Hepatic lipoprotein metabolism; additional tissues contribute.	Low density lipoprotein cholesterol levels	1654960	0	Graham SE	2021-12-09	34887591	PICS	558	https://pubmed.ncbi.nlm.nih.gov/34887591/
HDL_Graham2021	GCST90239649	hepatic_lipids	Hepatocyte	Complementary lipid transport phenotype; correlated with other lipid traits.	High density lipoprotein cholesterol levels	1654960	0	Graham SE	2021-12-09	34887591	PICS	811	https://pubmed.ncbi.nlm.nih.gov/34887591/
Triglycerides_Graham2021	GCST90239661	hepatic_lipids	Hepatocyte	Hepatic triglyceride and lipoprotein metabolism; additional tissues contribute.	Triglyceride levels	1654960	0	Graham SE	2021-12-09	34887591	PICS	683	https://pubmed.ncbi.nlm.nih.gov/34887591/
ALT_Ghouse2024	GCST90428729	liver	Hepatocyte	Liver enzyme phenotype related to hepatocyte function and injury.	Alanine aminotransferase levels	1010710	0	Ghouse J	2024-04-17	38632349	PICS	281	https://pubmed.ncbi.nlm.nih.gov/38632349/
AcutePancreatitis_Bourgault2023	GCST90255375	pancreatic_exocrine	Pancreatic_acinar;Pancreatic_ductal	Exocrine pancreatic injury and digestive-enzyme biology; only five SuSiE-inf credible sets.	Acute pancreatitis	855309	10630	Bourgault J	2023-01-31	36736436	SuSiE-inf	5	https://pubmed.ncbi.nlm.nih.gov/36736436/
ChronicPancreatitis_Verma2024	GCST90480358	pancreatic_exocrine	Pancreatic_acinar;Pancreatic_ductal	Complementary chronic exocrine pancreatic disease; phenotype-code ascertainment.	Chronic pancreatitis (PheCode 577.2)	629889	4814	Verma A	2024-07-19	39024449	PICS	31	https://pubmed.ncbi.nlm.nih.gov/39024449/
PancreaticCancer_Klein2018	GCST005434	pancreatic_exocrine	Pancreatic_ductal;Pancreatic_acinar	Ductal adenocarcinoma susceptibility; both ductal and acinar-to-ductal routes are plausible, not uniquely ductal origin.	Pancreatic cancer	21536	9040	Klein AP	2018-02-08	29422604	PICS	15	https://pubmed.ncbi.nlm.nih.gov/29422604/
T2D_Suzuki2024	GCST90492734	pancreatic_endocrine	Pancreatic_beta;Pancreatic_alpha	Strong beta-cell evidence with alpha-cell regulatory involvement; not alpha-specific and includes systemic insulin resistance.	Type 2 diabetes	2535601	428452	Suzuki K	2024-02-19	38374256	PICS	687	https://pubmed.ncbi.nlm.nih.gov/38374256/
FastingGlucose_Chen2023	GCST90278658	pancreatic_endocrine	Pancreatic_beta;Pancreatic_alpha;Hepatocyte	Glycaemic physiology comparator; alpha cells are a broader endocrine proxy, not a direct glucagon GWAS.	Fasting glucose	225951	0	Chen CY	2023-11-16	38116116	SuSiE-inf	171	https://pubmed.ncbi.nlm.nih.gov/38116116/
FastingGlucose_Jee2025	GCST90662896	pancreatic_endocrine	Pancreatic_beta;Pancreatic_alpha;Hepatocyte	Larger complementary glycaemic study; overlaps conceptually with Chen and is not independent replication.	Fasting blood glucose	928679	0	Jee YH	2025-05-28	40436827	PICS	253	https://pubmed.ncbi.nlm.nih.gov/40436827/
