GEM_well_ID	GEM_well_dataset	GEM_well_donor_id	GEM_well_n_donors	GEM_well_cellranger_arc_count_dir	GEM_well_cellbender_h5_file	GEM_well_donors_VCF_file	GEM_well_QC_exclude_list	GEM_well_is_active	GEM_well_date_of_collection	GEM_well_nuclei_loading	GEM_well_tissue	GEM_well_cell_sorting	GEM_well_target_recovery	GEM_well_instrument	GEM_well_n_recovered_nuclei
embryonic_brain_mouse	brain_mouse_dataset	mouse_1	1	example_data/embryonic_brain_mouse	NA	NA	TSS.enrichment < 4 ;; nucleosome_signal > 4 ;; nCount_RNA < 250 ;; RNA_mito_percent > 10	FALSE	2025-01-01	5000	NA	NA	NA	NA	NA
healthy_PBMC_human	immune_human_dataset	pbmc1	1	example_data/healthy_PBMC_human	NA	NA	TSS.enrichment < 4 ;; nucleosome_signal > 4 ;; nCount_RNA < 250 ;; RNA_mito_percent > 10	TRUE	NA	NA	PBMC	granulocytes_removed	3k	Chromium_Controller	2711
controller_PBMC_human	immune_human_dataset	pbmc2	1	example_data/controller_PBMC_human	NA	NA	TSS.enrichment < 4 ;; nucleosome_signal > 4 ;; nCount_RNA < 250 ;; RNA_mito_percent > 10	TRUE	NA	NA	PBMC	unspecified	10k	Chromium_Controller	10691
ENCSR245BNT	ENCODE_human_multiome	ENCDO528BHB	1	example_data/encode/ENCSR245BNT	example_data/encode/ENCSR245BNT/outs/cellbender-output_gex_bent_only_filtered.h5	NA	TSS.enrichment < 4 ;; nucleosome_signal > 4 ;; nCount_RNA < 250 ;; RNA_mito_percent > 10 ;; amulet_q.value < 0.05	FALSE	NA	NA	heart	nuclear_fraction	NA	NA	NA
ENCSR508WRP	ENCODE_human_multiome	ENCDO575WHY	1	example_data/encode/ENCSR508WRP	example_data/encode/ENCSR508WRP/outs/cellbender-output_gex_bent_only_filtered.h5	NA	TSS.enrichment < 4 ;; nucleosome_signal > 4 ;; nCount_RNA < 250 ;; RNA_mito_percent > 10 ;; amulet_q.value < 0.05	FALSE	NA	NA	heart	nuclear_fraction	NA	NA	NA
ENCSR568QKW	ENCODE_human_multiome	ENCDO411EVD	1	example_data/encode/ENCSR568QKW	example_data/encode/ENCSR568QKW/outs/cellbender-output_gex_bent_only_filtered.h5	NA	TSS.enrichment < 4 ;; nucleosome_signal > 4 ;; nCount_RNA < 250 ;; RNA_mito_percent > 10 ;; amulet_q.value < 0.05	FALSE	NA	NA	heart	nuclear_fraction	NA	NA	NA
ENCSR793DNM	ENCODE_human_multiome	ENCDO856ZOJ	1	example_data/encode/ENCSR793DNM	example_data/encode/ENCSR793DNM/outs/cellbender-output_gex_bent_only_filtered.h5	NA	TSS.enrichment < 4 ;; nucleosome_signal > 4 ;; nCount_RNA < 250 ;; RNA_mito_percent > 10 ;; amulet_q.value < 0.05	FALSE	NA	NA	heart	nuclear_fraction	NA	NA	NA
ENCSR956ZER	ENCODE_human_multiome	ENCDO529CYH	1	example_data/encode/ENCSR956ZER	example_data/encode/ENCSR956ZER/outs/cellbender-output_gex_bent_only_filtered.h5	NA	TSS.enrichment < 4 ;; nucleosome_signal > 4 ;; nCount_RNA < 250 ;; RNA_mito_percent > 10 ;; amulet_q.value < 0.05	FALSE	NA	NA	heart	nuclear_fraction	NA	NA	NA
ENCSR987VTJ	ENCODE_human_multiome	ENCDO520EJG	1	example_data/encode/ENCSR987VTJ	example_data/encode/ENCSR987VTJ/outs/cellbender-output_gex_bent_only_filtered.h5	NA	TSS.enrichment < 4 ;; nucleosome_signal > 4 ;; nCount_RNA < 250 ;; RNA_mito_percent > 10 ;; amulet_q.value < 0.05	FALSE	NA	NA	heart	nuclear_fraction	NA	NA	NA
